"articles/6639fa2f82e83e08f0c5a5f2/title/","{{_moduleNumber}}.1.4 Online anonymity."
"articles/6639fa2f82e83e08f0c5a5f2/displayTitle/","{{_moduleNumber}}.1.4 Online anonymity."
"articles/662fc73bfe12fd0286b27839s92/title/","{{_moduleNumber}}.0.2 Now you've watched the video, let's see what you've learned."
"articles/662fc73bfe12fd0286b27839s92/displayTitle/","{{_moduleNumber}}.0.2 Now you've watched the video, let's see what you've learned."
"articles/662fc78bfe12fd0286b67hw2891/title/","{{_moduleNumber}}.1.1 How to manage your digital personas."
"articles/662fc78bfe12fd0286b67hw2891/displayTitle/","{{_moduleNumber}}.1.1 How to manage your digital personas."
"articles/78ca3e41d162112121397f4dba4/_trickle/_button/text/","Continue"
"articles/78ca3e41d162112121397f4dba4/_trickle/_button/startText/","Begin"
"articles/78ca3e41d162112121397f4dba4/_trickle/_button/finalText/","Finish"
"articles/662fc73bfe12fd27su889290a009/title/","{{_moduleNumber}}.0.4 What is Personally Identifiable Information?"
"articles/662fc73bfe12fd27su889290a009/displayTitle/","{{_moduleNumber}}.0.4 What is Personally Identifiable Information?"
"articles/662fce361d181627a87290922171/title/","{{_moduleNumber}}.2.4 Now you've read the text, let's see what you've learned."
"articles/662fce361d181627a87290922171/displayTitle/","{{_moduleNumber}}.2.4 Now you've read the text, let's see what you've learned."
"articles/662fce361d1892027267lqa77231/title/","{{_moduleNumber}}.2.2 Now you've read the text, let's see what you've learned."
"articles/662fce361d1892027267lqa77231/displayTitle/","{{_moduleNumber}}.2.2 Now you've read the text, let's see what you've learned."
"articles/662fc78bfe12fd0286b67h7q89200/title/","{{_moduleNumber}}.1.2 Now you've watched the video, let's see what you've learned."
"articles/662fc78bfe12fd0286b67h7q89200/displayTitle/","{{_moduleNumber}}.1.2 Now you've watched the video, let's see what you've learned."
"articles/662fce361d1892019092167312311/title/","{{_moduleNumber}}.2.3 Cyberbullying."
"articles/662fce361d1892019092167312311/displayTitle/","{{_moduleNumber}}.2.3 Cyberbullying."
"articles/662fc73bfe12fd0283383847474833/title/","{{_moduleNumber}}.0.1 What is a digital persona?"
"articles/662fc73bfe12fd0283383847474833/displayTitle/","{{_moduleNumber}}.0.1 What is a digital persona?"
"articles/662fc73bfe12fd0286839002hhd738/title/","{{_moduleNumber}}.0.3 Creating and Managing Your Digital Persona."
"articles/662fc73bfe12fd0286839002hhd738/displayTitle/","{{_moduleNumber}}.0.3 Creating and Managing Your Digital Persona."
"articles/662fc78bfe12fd0286b67hw217si28/title/","{{_moduleNumber}}.1.3 Permanence in the Digital World."
"articles/662fc78bfe12fd0286b67hw217si28/displayTitle/","{{_moduleNumber}}.1.3 Permanence in the Digital World."
"articles/6638a6d387le27d887787778p3333b/title/","{{_moduleNumber}}.3.4 Now you've watched the video, let's see what you've learned."
"articles/6638a6d387le27d887787778p3333b/displayTitle/","{{_moduleNumber}}.3.4 Now you've watched the video, let's see what you've learned."
"articles/6639fa2f82e83e08f0290djjk28222/title/","{{_moduleNumber}}.1.5 Now you've watched the video, let's see what you've learned."
"articles/6639fa2f82e83e08f0290djjk28222/displayTitle/","{{_moduleNumber}}.1.5 Now you've watched the video, let's see what you've learned."
"articles/78ca3e41d91093019321alq7f4dba4/_trickle/_button/text/","Continue"
"articles/78ca3e41d91093019321alq7f4dba4/_trickle/_button/startText/","Begin"
"articles/78ca3e41d91093019321alq7f4dba4/_trickle/_button/finalText/","Finish"
"articles/78cos6da657228as76972597f4dba4/_trickle/_button/text/","Continue"
"articles/78cos6da657228as76972597f4dba4/_trickle/_button/startText/","Begin"
"articles/78cos6da657228as76972597f4dba4/_trickle/_button/finalText/","Finish"
"articles/662fc73bfe12f278sskd0388920a009/title/","{{_moduleNumber}}.0.5 Drag and Drop Puzzle Game."
"articles/662fc73bfe12f278sskd0388920a009/displayTitle/","{{_moduleNumber}}.0.5 Drag and Drop Puzzle Game."
"articles/6638a6d382e219383018312839135db/title/","{{_moduleNumber}}.3.1 Fraud."
"articles/6638a6d382e219383018312839135db/displayTitle/","{{_moduleNumber}}.3.1 Fraud."
"articles/6638a6d38721313901313laoqp3333b/title/","{{_moduleNumber}}.3.3 Piracy."
"articles/6638a6d38721313901313laoqp3333b/displayTitle/","{{_moduleNumber}}.3.3 Piracy."
"articles/662fce361d189202728199lqp2833782/title/","{{_moduleNumber}}.2.1 Negative communication."
"articles/662fce361d189202728199lqp2833782/displayTitle/","{{_moduleNumber}}.2.1 Negative communication."
"articles/6638a6d3872131390131308053339135db/title/","{{_moduleNumber}}.3.2 Now you've watched the video, let's see what you've learned."
"articles/6638a6d3872131390131308053339135db/displayTitle/","{{_moduleNumber}}.3.2 Now you've watched the video, let's see what you've learned."
"articles/78ca3e41d16b4421278137771237f4dba4/_trickle/_button/text/","Continue"
"articles/78ca3e41d16b4421278137771237f4dba4/_trickle/_button/startText/","Begin"
"articles/78ca3e41d16b4421278137771237f4dba4/_trickle/_button/finalText/","Finish"
