"blocks/662fb7401d18920250d45aa6/title/","New Block Title"
"blocks/6630b64dfe12fd0286b67afb/title/","New Block Title"
"blocks/6630d9321baafd0375c689b7/title/","New Block Title"
"blocks/6630da65fe12fd0286b67aff/title/","New Block Title"
"blocks/66336c2c15ee04056c428200/title/","New Block Title"
"blocks/66336cd315ee04056c428201/title/","New Block Title"
"blocks/66336e51f67bd505257c9988/title/","New Block Title"
"blocks/66337071d2c600060ed6b664/title/","New Block Title"
"blocks/66337165d2c600060ed6b665/title/","New Block Title"
"blocks/6633729315ee04056c428202/title/","New Block Title"
"blocks/66337433a2686b05847738a7/title/","New Block Title"
"blocks/6633816761339406455d4a94/title/","New Block Title"
"blocks/66360e8a1959430712400059/title/","New Block Title"
"blocks/66360f12b201970730e67bdd/title/","New Block Title"
"blocks/66360fcc195943071240005a/title/","New Block Title"
"blocks/664227605c78b604cd640c36/title/","New Block Title"
"blocks/66423034254fa704eccc07f8/title/","New Block Title"
"blocks/664230b44e848a044d0fdad6/title/","New Block Title"
"blocks/664231294e848a044d0fdad8/title/","New Block Title"
"blocks/6642318f264c0b04b6fe7408/title/","New Block Title"
"blocks/072ac09aa62347ad9384f945f96d8619/title/","Block title"
"blocks/0b12f70f347945278d263f2bfbea1467/title/","New Block Title"
"blocks/2e0b84906da84d74a102c7fb44c253fa/_trickle/_button/text/","Continue"
"blocks/2e0b84906da84d74a102c7fb44c253fa/_trickle/_button/startText/","Begin"
"blocks/2e0b84906da84d74a102c7fb44c253fa/_trickle/_button/finalText/","Finish"
"blocks/34f88b7ab98b4811a7e5e114a84537f8/title/","Block title"
"blocks/54d11dac19a64c55b226a8977646825f/title/","Block title"
"blocks/5b13a6909d2f4668aacb9d0234f1d708/_trickle/_button/text/","Continue"
"blocks/5b13a6909d2f4668aacb9d0234f1d708/_trickle/_button/startText/","Begin"
"blocks/5b13a6909d2f4668aacb9d0234f1d708/_trickle/_button/finalText/","Finish"
"blocks/73e1a113b3c64abb95495f1d31facf6c/title/","New Block Title"
"blocks/905418c4caf942a88c12a79afbd3219e/title/","New Block Title"
"blocks/952ef2a91eb849b1ae0472a5f065c494/title/","New Block Title"
"blocks/a45006b5013d467a98d521c61c7d7873/title/","New Block Title"
"blocks/c6dca540e66f41c7997f8c3e34a37efa/_trickle/_button/text/","Continue"
"blocks/c6dca540e66f41c7997f8c3e34a37efa/_trickle/_button/startText/","Begin"
"blocks/c6dca540e66f41c7997f8c3e34a37efa/_trickle/_button/finalText/","Finish"
"blocks/ca2df3a756aa4432b308c419123d9fa2/title/","New Block Title"
"blocks/e3e447d70ce243a49c0e77e8d39d26dc/title/","Block title"
"blocks/e414434129254fa09f10110926907943/title/","New Block Title"
"blocks/f0724b1824184bd496527fa54f214c80/title/","New Block Title"
"blocks/f29dddff25204b2fa7a19f4afb43e169/title/","Block title"
"blocks/fbeac1a4b2484a25b6b63311f80bdcde/title/","Block title"
