"components/65e20311d8d5cb03c4d7b17c/title/","Título do novo componente"
"components/65e20311d8d5cb03c4d7b17c/_buttons/_returnToPreviousLocation/text/","Voltar"
"components/65e20311d8d5cb03c4d7b17c/_buttons/_returnToPreviousLocation/ariaLabel/","Voltar ao local anterior"
"components/65e20311d8d5cb03c4d7b17c/_buttons/_returnToPreviousLocation/tooltip/","{{displayTitle}}"
"components/65e20311d8d5cb03c4d7b17c/_buttons/_previous/text/","Anterior"
"components/65e20311d8d5cb03c4d7b17c/_buttons/_previous/ariaLabel/","Página anterior"
"components/65e20311d8d5cb03c4d7b17c/_buttons/_previous/tooltip/","{{displayTitle}}"
"components/65e20311d8d5cb03c4d7b17c/_buttons/_root/text/","Início"
"components/65e20311d8d5cb03c4d7b17c/_buttons/_root/ariaLabel/","Ir ao menu principal"
"components/65e20311d8d5cb03c4d7b17c/_buttons/_root/tooltip/","{{displayTitle}}"
"components/65e20311d8d5cb03c4d7b17c/_buttons/_up/text/","Voltar ao menu"
"components/65e20311d8d5cb03c4d7b17c/_buttons/_up/ariaLabel/","Voltar ao menu"
"components/65e20311d8d5cb03c4d7b17c/_buttons/_up/tooltip/","{{displayTitle}}"
"components/65e20311d8d5cb03c4d7b17c/_buttons/_next/text/","Seguinte"
"components/65e20311d8d5cb03c4d7b17c/_buttons/_next/ariaLabel/","Página seguinte"
"components/65e20311d8d5cb03c4d7b17c/_buttons/_next/tooltip/","{{displayTitle}}"
"components/65e20311d8d5cb03c4d7b17c/_buttons/_sibling/text/","{{inc index}}"
"components/65e20311d8d5cb03c4d7b17c/_buttons/_sibling/ariaLabel/","Página {{inc index}}"
"components/65e20311d8d5cb03c4d7b17c/_buttons/_sibling/tooltip/","{{displayTitle}}"
"components/65e20311d8d5cb03c4d7b17c/_buttons/_close/text/","Fechar"
"components/65e20311d8d5cb03c4d7b17c/_buttons/_close/ariaLabel/","Fechar janela"
"components/65e20311d8d5cb03c4d7b17c/_buttons/_close/tooltip/","Fechar janela"
"components/65e20413d8d5cb03c4d7b17f/title/","Título do novo componente"
"components/65e20413d8d5cb03c4d7b17f/_buttons/_returnToPreviousLocation/text/","Voltar"
"components/65e20413d8d5cb03c4d7b17f/_buttons/_returnToPreviousLocation/ariaLabel/","Voltar ao local anterior"
"components/65e20413d8d5cb03c4d7b17f/_buttons/_returnToPreviousLocation/tooltip/","{{displayTitle}}"
"components/65e20413d8d5cb03c4d7b17f/_buttons/_previous/text/","Anterior"
"components/65e20413d8d5cb03c4d7b17f/_buttons/_previous/ariaLabel/","Página anterior"
"components/65e20413d8d5cb03c4d7b17f/_buttons/_previous/tooltip/","{{displayTitle}}"
"components/65e20413d8d5cb03c4d7b17f/_buttons/_root/text/","Início"
"components/65e20413d8d5cb03c4d7b17f/_buttons/_root/ariaLabel/","Ir ao menu principal"
"components/65e20413d8d5cb03c4d7b17f/_buttons/_root/tooltip/","{{displayTitle}}"
"components/65e20413d8d5cb03c4d7b17f/_buttons/_up/text/","Voltar ao menu"
"components/65e20413d8d5cb03c4d7b17f/_buttons/_up/ariaLabel/","Voltar ao menu"
"components/65e20413d8d5cb03c4d7b17f/_buttons/_up/tooltip/","{{displayTitle}}"
"components/65e20413d8d5cb03c4d7b17f/_buttons/_next/text/","Seguinte"
"components/65e20413d8d5cb03c4d7b17f/_buttons/_next/ariaLabel/","Página seguinte"
"components/65e20413d8d5cb03c4d7b17f/_buttons/_next/tooltip/","{{displayTitle}}"
"components/65e20413d8d5cb03c4d7b17f/_buttons/_sibling/text/","{{inc index}}"
"components/65e20413d8d5cb03c4d7b17f/_buttons/_sibling/ariaLabel/","Página {{inc index}}"
"components/65e20413d8d5cb03c4d7b17f/_buttons/_sibling/tooltip/","{{displayTitle}}"
"components/65e20413d8d5cb03c4d7b17f/_buttons/_close/text/","Fechar"
"components/65e20413d8d5cb03c4d7b17f/_buttons/_close/ariaLabel/","Fechar janela"
"components/65e20413d8d5cb03c4d7b17f/_buttons/_close/tooltip/","Fechar janela"
"components/65e205e8d8d5cb03c4d7b182/title/","Título do novo componente"
"components/65e205e8d8d5cb03c4d7b182/_buttons/_returnToPreviousLocation/text/","Voltar"
"components/65e205e8d8d5cb03c4d7b182/_buttons/_returnToPreviousLocation/ariaLabel/","Voltar ao local anterior"
"components/65e205e8d8d5cb03c4d7b182/_buttons/_returnToPreviousLocation/tooltip/","{{displayTitle}}"
"components/65e205e8d8d5cb03c4d7b182/_buttons/_previous/text/","Anterior"
"components/65e205e8d8d5cb03c4d7b182/_buttons/_previous/ariaLabel/","Página anterior"
"components/65e205e8d8d5cb03c4d7b182/_buttons/_previous/tooltip/","{{displayTitle}}"
"components/65e205e8d8d5cb03c4d7b182/_buttons/_root/text/","Início"
"components/65e205e8d8d5cb03c4d7b182/_buttons/_root/ariaLabel/","Ir ao menu principal"
"components/65e205e8d8d5cb03c4d7b182/_buttons/_root/tooltip/","{{displayTitle}}"
"components/65e205e8d8d5cb03c4d7b182/_buttons/_up/text/","Voltar ao menu"
"components/65e205e8d8d5cb03c4d7b182/_buttons/_up/ariaLabel/","Voltar ao menu"
"components/65e205e8d8d5cb03c4d7b182/_buttons/_up/tooltip/","{{displayTitle}}"
"components/65e205e8d8d5cb03c4d7b182/_buttons/_next/text/","Seguinte"
"components/65e205e8d8d5cb03c4d7b182/_buttons/_next/ariaLabel/","Página seguinte"
"components/65e205e8d8d5cb03c4d7b182/_buttons/_next/tooltip/","{{displayTitle}}"
"components/65e205e8d8d5cb03c4d7b182/_buttons/_sibling/text/","{{inc index}}"
"components/65e205e8d8d5cb03c4d7b182/_buttons/_sibling/ariaLabel/","Página {{inc index}}"
"components/65e205e8d8d5cb03c4d7b182/_buttons/_sibling/tooltip/","{{displayTitle}}"
"components/65e205e8d8d5cb03c4d7b182/_buttons/_close/text/","Fechar"
"components/65e205e8d8d5cb03c4d7b182/_buttons/_close/ariaLabel/","Fechar janela"
"components/65e205e8d8d5cb03c4d7b182/_buttons/_close/tooltip/","Fechar janela"
"components/662ca88bbafa840011d9c2db/title/","Título do novo componente"
"components/662ca88bbafa840011d9c2db/_graphic/alt/","Logomarca do DL com borda"
"components/662ca906bafa840011d9c2de/title/","Há um mundo novo inteiro a ser descoberto"
"components/662ca906bafa840011d9c2de/body/","<p>Assista ao vídeo, depois faça o exercício.</p>"
"components/662ca906bafa840011d9c2de/_timestamp/label/","Marcas de tempo"
"components/662ca906bafa840011d9c2de/_transcript/inlineTranscriptButton/","Ver transcrição"
"components/662ca906bafa840011d9c2de/_transcript/inlineTranscriptCloseButton/","Fechar"
"components/662ca906bafa840011d9c2de/_transcript/inlineTranscriptBody/","<p dir=""ltr""><strong>A tecnologia digital é incrível. Ela nos conecta de outros continentes, fornece acesso imediato à informação, e fornece plataformas para inovação e criatividade. Por exemplo, a tecnologia GPS nos permite ter mapas mais atualizados e precisos em nossos bolsos. E parentes que moram longe dos outros agora podem se reunir sem a necessidade de viajar. Tarefas que antes levavam dias agora podem ser feitas em segundos. Você pode pagar todas as suas contas em poucos cliques num botão e documentar o que você pagou, quanto você pagou, e para quem?</strong></p><p>&nbsp;</p><p dir=""ltr""><strong>O problema é que essas tecnologias também trouxeram alguns males. Por exemplo, o tempo de tela excessivo pode afetar sua saúde física e mental, e há uma preocupação crescente com a privacidade e a segurança de dados. Toda informação que você publica online pode ser usada contra você. Além disso, nem todos têm acesso igual a tais tecnologias. Nós temos uma divisão digital, onde certas pessoas têm bom acesso com todos os benefícios inclusos e outras pessoas não têm. Para manter uma vida digital saudável, com acesso justo e igual a todos, devemos encontrar uma forma de balancear esses prós e contras.</strong></p><p>&nbsp;</p><p dir=""ltr""><strong>Antes de iniciar sua jornada online, há vários ambientes digitais que você deve conhecer, particularmente os sistemas operacionais, os navegadores, e os aplicativos. Os sistemas operacionais, como Windows para PC ou Android para smartphones, são a base de nossos dispositivos. São como a fundação de uma casa, apoiando e controlando todas as atividades digitais e softwares que executamos. Os navegadores, como o Google Chrome, Safari, ou o Mozilla Firefox, são um dos aplicativos mais importantes em nossos dispositivos. São nossos portais para a Internet. Para fazer qualquer coisa online, você precisa sem sombra de dúvida saber como usar um navegador. Com o navegador, você pode ler notícias, fazer compras online ou interagir com outras pessoas nas redes sociais. Toda empresa, negócio, organização ou pessoa com uma presença online possui um site, e o navegador leva você diretamente até esse site.</strong></p><p>&nbsp;</p><p dir=""ltr""><strong>Os aplicativos, ou apps, são ferramentas especiais criadas para executar certas funções. Muitos deles possuem equivalentes no mundo real. No passado, chamávamos esses aplicativos de programas. Porém, com a chegada dos smartphones, todos decidiram mudar a palavra para aplicativos, e depois, todo mundo começou a chamá-los de apps. Um exemplo de um equivalente no mundo real seria um aluno que costumava anotar as aulas com caneta e papel, mas agora usa um app como o Evernote ou o OneNote para anotar as aulas no computador ou no celular. Os artistas que costumavam pintar com acrílico sobre tela agora têm uma opção rápida com apps de criação de imagens, como o Photoshop ou o Illustrator. O renomado artista britânico David Hockney foi um dos primeiros a experimentar o iPad como uma ferramenta para criar obras de arte.</strong></p><p>&nbsp;</p><p dir=""ltr""><strong>Há também outros aplicativos sem equivalente clara no mundo real, como apps de mensagens instantâneas como o WhatsApp, Signal, ou Telegram. Esses aplicativos permitem que você envie mensagens de texto para outras pessoas ou até grupos inteiros. Permitem até que você envie mensagens de voz, faça ligações em áudio e vídeo, além de tirar e enviar fotos e vídeos. O número de serviços que fornecem está crescendo a cada dia.</strong></p>"
"components/662ca906bafa840011d9c2de/_transcript/transcriptLinkButton/","Baixar transcrição"
"components/662ca9a1387a3d0011473a7b/title/","Perguntas sobre o vídeo"
"components/662caa2c5f555c001145e889/title/","Pergunta 1"
"components/662caa2c5f555c001145e889/displayTitle/","Pergunta 1"
"components/662caa2c5f555c001145e889/body/","<p>Qual o melhor benefício que as tecnologias digitais fornecem?</p>"
"components/662caa2c5f555c001145e889/_items/0/text/","Elas permitem acesso rápido à informação e à comunicação global"
"components/662caa2c5f555c001145e889/_items/1/text/","Elas focam apenas em serviços de GPS"
"components/662caa2c5f555c001145e889/_items/2/text/","Elas servem apenas para entretenimento"
"components/662caa2c5f555c001145e889/_items/3/text/","Elas substituem totalmente os meios antigos de comunicação"
"components/662caa2c5f555c001145e889/_feedback/correct/","<p dir=""ltr"">Correto.</p>"
"components/662caa2c5f555c001145e889/_feedback/_incorrect/final/","<p dir=""ltr"">Incorreto.</p><p dir=""ltr"">Volte, reinicie e tente de novo.</p>"
"components/662caa2c5f555c001145e889/_feedback/_partlyCorrect/final/","<p dir=""ltr"">Incorreto.</p><p dir=""ltr"">Volte, reinicie e tente de novo.</p>"
"components/662cab16387a3d0011473a7c/title/","Pergunta 2"
"components/662cab16387a3d0011473a7c/displayTitle/","Pergunta 2"
"components/662cab16387a3d0011473a7c/body/","<p>Qual o possível problema com o uso excessivo das tecnologias digitais?</p>"
"components/662cab16387a3d0011473a7c/_items/0/text/","Efeitos prejudiciais na saúde devido ao tempo de tela excessivo"
"components/662cab16387a3d0011473a7c/_items/1/text/","Elas geralmente melhoram a saúde física e mental"
"components/662cab16387a3d0011473a7c/_items/2/text/","Elas deixam a segurança e a privacidade de dados mais fácil"
"components/662cab16387a3d0011473a7c/_items/3/text/","Elas eliminam as divisões com o acesso à tecnologia"
"components/662cab16387a3d0011473a7c/_feedback/correct/","<p dir=""ltr"">Correto.</p>"
"components/662cab16387a3d0011473a7c/_feedback/_incorrect/final/","<p dir=""ltr"">Incorreto.</p><p dir=""ltr"">Volte, reinicie e tente de novo.</p>"
"components/662cab16387a3d0011473a7c/_feedback/_partlyCorrect/final/","<p dir=""ltr"">Incorreto.</p><p dir=""ltr"">Volte, reinicie e tente de novo.</p>"
"components/662cab83bafa840011d9c2df/title/","Pergunta 3"
"components/662cab83bafa840011d9c2df/displayTitle/","Pergunta 3"
"components/662cab83bafa840011d9c2df/body/","<p>Qual a função principal de um sistema operacional nos dispositivos eletrônicos?</p>"
"components/662cab83bafa840011d9c2df/_items/0/text/","Ele forma a base essencial para controlar e executar softwares"
"components/662cab83bafa840011d9c2df/_items/1/text/","Ele foi feito exclusivamente para navegar online"
"components/662cab83bafa840011d9c2df/_items/2/text/","Ele é um aplicativo secundário para softwares"
"components/662cab83bafa840011d9c2df/_items/3/text/","Ele foi feito principalmente para jogos"
"components/662cab83bafa840011d9c2df/_feedback/correct/","<p dir=""ltr"">Correto.</p>"
"components/662cab83bafa840011d9c2df/_feedback/_incorrect/final/","<p dir=""ltr"">Incorreto.</p><p dir=""ltr"">Volte, reinicie e tente de novo.</p>"
"components/662cab83bafa840011d9c2df/_feedback/_partlyCorrect/final/","<p dir=""ltr"">Incorreto.</p><p dir=""ltr"">Volte, reinicie e tente de novo.</p>"
"components/662cac0e5f555c001145e88c/title/","Question 4"
"components/662cac0e5f555c001145e88c/displayTitle/","Question 4"
"components/662cac0e5f555c001145e88c/body/","<p>What is the primary use of a web browser in the digital world?</p>"
"components/662cac0e5f555c001145e88c/_items/0/text/","It serves as the main access point for online services and information"
"components/662cac0e5f555c001145e88c/_items/1/text/","It's restricted to handling emails"
"components/662cac0e5f555c001145e88c/_items/2/text/","It's a digital version of a shopping mall"
"components/662cac0e5f555c001145e88c/_items/3/text/","It's only for using social media platforms"
"components/662cac0e5f555c001145e88c/_feedback/correct/","<p dir=""ltr"">Correto.</p>"
"components/662cac0e5f555c001145e88c/_feedback/_incorrect/final/","<p dir=""ltr"">Incorreto.</p><p dir=""ltr"">Volte, reinicie e tente de novo.</p>"
"components/662cac0e5f555c001145e88c/_feedback/_partlyCorrect/final/","<p dir=""ltr"">Incorreto.</p><p dir=""ltr"">Volte, reinicie e tente de novo.</p>"
"components/662cac91bafa840011d9c2e1/title/","Question 5"
"components/662cac91bafa840011d9c2e1/displayTitle/","Question 5"
"components/662cac91bafa840011d9c2e1/body/","<p>What role do applications play in the digital environment?</p>"
"components/662cac91bafa840011d9c2e1/_items/0/text/","They are designed for specific tasks and purposes"
"components/662cac91bafa840011d9c2e1/_items/1/text/","They take over the functions of operating systems"
"components/662cac91bafa840011d9c2e1/_items/2/text/","They are just for making calls"
"components/662cac91bafa840011d9c2e1/_items/3/text/","They don't play a significant role in modern technology"
"components/662cac91bafa840011d9c2e1/_feedback/correct/","<p dir=""ltr"">Correto.</p>"
"components/662cac91bafa840011d9c2e1/_feedback/_incorrect/final/","<p dir=""ltr"">Incorreto.</p><p dir=""ltr"">Volte, reinicie e tente de novo.</p>"
"components/662cac91bafa840011d9c2e1/_feedback/_partlyCorrect/final/","<p dir=""ltr"">Incorreto.</p><p dir=""ltr"">Volte, reinicie e tente de novo.</p>"
"components/662cad000dcb90001103ce8f/title/","Question 6"
"components/662cad000dcb90001103ce8f/displayTitle/","Question 6"
"components/662cad000dcb90001103ce8f/body/","<p>How have applications transformed traditional activities?</p>"
"components/662cad000dcb90001103ce8f/_items/0/text/","Students now use digital tools for tasks like note-taking"
"components/662cad000dcb90001103ce8f/_items/1/text/","Navigation relies solely on printed materials"
"components/662cad000dcb90001103ce8f/_items/2/text/","Art creation is limited to traditional methods"
"components/662cad000dcb90001103ce8f/_items/3/text/","Communication is restricted to traditional telephones"
"components/662cad000dcb90001103ce8f/_feedback/correct/","<p dir=""ltr"">Correto.</p>"
"components/662cad000dcb90001103ce8f/_feedback/_incorrect/final/","<p dir=""ltr"">Incorreto.</p><p dir=""ltr"">Volte, reinicie e tente de novo.</p>"
"components/662cad000dcb90001103ce8f/_feedback/_partlyCorrect/final/","<p dir=""ltr"">Incorreto.</p><p dir=""ltr"">Volte, reinicie e tente de novo.</p>"
"components/662cb0d20dcb90001103ce90/title/","Título do novo componente"
"components/662cb0d20dcb90001103ce90/_graphic/alt/","DL Logo with border"
"components/662cb0e05f555c001145e891/title/","Título do novo componente"
"components/662cb12a387a3d0011473a82/title/","How the analogue and digital worlds interact"
"components/662cb12a387a3d0011473a82/body/","<p>Watch the video, then complete the exercises.</p>"
"components/662cb12a387a3d0011473a82/_timestamp/label/","Timestamps"
"components/662cb12a387a3d0011473a82/_transcript/inlineTranscriptButton/","View transcript"
"components/662cb12a387a3d0011473a82/_transcript/inlineTranscriptCloseButton/","Fechar"
"components/662cb12a387a3d0011473a82/_transcript/inlineTranscriptBody/","<p dir=""ltr""><strong>When the internet first got going back in the 1990s, it wasn't very sophisticated. People called it the World Wide Web, and it was mostly text based. That's because connection speeds were so slow that it would take a really long time to load just one image. It's dialing up, all on its own. Great! Now– Watch what's on your screen. Forget about video.</strong></p><p>&nbsp;</p><p dir=""ltr""><strong>All of that changed with Web 2.0. With faster internet connection speeds now available, the emphasis of Web 2.0 was on interactivity. Websites became more dynamic, and you could actually do things with them. They were no longer just static pages like digital books. They could change their content depending on the input you gave them. Amazon was one of the first companies to make use of Web 2.0 by offering a way for customers to buy things on their website and then have them delivered to their door. Companies like YouTube and Facebook sprang up, offering not only video and other content, but a way for people to interact with other users by leaving comments or starting online chats.</strong></p><p>&nbsp;</p><p dir=""ltr""><strong>The Internet of Things, or IoT, takes digital connectivity a step further, extending it beyond traditional computing devices like computers and smartphones. IoT involves embedding everyday objects with technology that allows them to connect to the internet, enabling them to collect and exchange data. This integration turns ordinary items into smart devices, enhancing their functionality and our ability to interact with them. A practical example is a smart thermostat in a home that learns your schedule and adjusts temperatures accordingly. Or a security camera in your house that can send a direct feed to your smartphone if it detects movement when you're not at home. Probably it's the cat walking around, but maybe not.</strong></p><p>&nbsp;</p><p dir=""ltr""><strong>By now, you should be starting to see how interaction between the analogue and digital worlds is increasingly seamless, enhancing our daily experiences. Traditionally, managing accounts or transferring money required physical visits to a bank. Nowadays, through digital banking platforms, these tasks are accomplished online. You can view account balances, transfer funds, or even apply for loans using your smartphone or computer. This merges the convenience of digital technology with traditional banking practices. Another example is education. This historically required physical presence in a classroom. Now, with the integration of digital technology, online education platforms have emerged. Students can attend lectures, participate in discussions, and submit assignments all through digital means, from the comfort of their homes, or wherever they are. This melding of analogue and digital experiences not only provides flexibility and convenience, but also expands access to opportunities beyond geographical constraints, so that people who were previously cut off from these tools and services can now have access to them.</strong></p>"
"components/662cb12a387a3d0011473a82/_transcript/transcriptLinkButton/","Download transcript"
"components/662cb1965f555c001145e892/title/","Questions related to the video"
"components/662cb21b0dcb90001103ce94/title/","Question 1"
"components/662cb21b0dcb90001103ce94/displayTitle/","Question 1"
"components/662cb21b0dcb90001103ce94/body/","<p>What was the primary characteristic of the early Internet in the 1990s?</p>"
"components/662cb21b0dcb90001103ce94/_items/0/text/","Mostly text-based"
"components/662cb21b0dcb90001103ce94/_items/1/text/","Fast connection speeds"
"components/662cb21b0dcb90001103ce94/_items/2/text/","Video-based content"
"components/662cb21b0dcb90001103ce94/_items/3/text/","High interactivity"
"components/662cb21b0dcb90001103ce94/_feedback/correct/","<p dir=""ltr"">Correto.</p>"
"components/662cb21b0dcb90001103ce94/_feedback/_incorrect/final/","<p dir=""ltr"">Incorreto.</p><p dir=""ltr"">Volte, reinicie e tente de novo.</p>"
"components/662cb21b0dcb90001103ce94/_feedback/_partlyCorrect/final/","<p dir=""ltr"">Incorreto.</p><p dir=""ltr"">Volte, reinicie e tente de novo.</p>"
"components/662cb3a70dcb90001103ce95/title/","Question 2"
"components/662cb3a70dcb90001103ce95/displayTitle/","Question 2"
"components/662cb3a70dcb90001103ce95/body/","<p>What did Web 2.0 emphasize due to improved internet speeds?</p>"
"components/662cb3a70dcb90001103ce95/_items/0/text/","Interactivity and dynamic content"
"components/662cb3a70dcb90001103ce95/_items/1/text/","Reduced website functionality"
"components/662cb3a70dcb90001103ce95/_items/2/text/","Static website content"
"components/662cb3a70dcb90001103ce95/_items/3/text/","Text-based interfaces"
"components/662cb3a70dcb90001103ce95/_feedback/correct/","<p dir=""ltr"">Correto.</p>"
"components/662cb3a70dcb90001103ce95/_feedback/_incorrect/final/","<p dir=""ltr"">Incorreto.</p><p dir=""ltr"">Volte, reinicie e tente de novo.</p>"
"components/662cb3a70dcb90001103ce95/_feedback/_partlyCorrect/final/","<p dir=""ltr"">Incorreto.</p><p dir=""ltr"">Volte, reinicie e tente de novo.</p>"
"components/662cb4205f555c001145e893/title/","Question 3"
"components/662cb4205f555c001145e893/displayTitle/","Question 3"
"components/662cb4205f555c001145e893/body/","<p>What is the Internet of Things (IoT)?</p>"
"components/662cb4205f555c001145e893/_items/0/text/","Embedding everyday objects with technology for internet connectivity"
"components/662cb4205f555c001145e893/_items/1/text/","A concept where only computers and smartphones are connected to the internet"
"components/662cb4205f555c001145e893/_items/2/text/","A network of only smart home devices"
"components/662cb4205f555c001145e893/_items/3/text/","Limiting internet connectivity to traditional devices"
"components/662cb4205f555c001145e893/_feedback/correct/","<p dir=""ltr"">Correto.</p>"
"components/662cb4205f555c001145e893/_feedback/_incorrect/final/","<p dir=""ltr"">Incorreto.</p><p dir=""ltr"">Volte, reinicie e tente de novo.</p>"
"components/662cb4205f555c001145e893/_feedback/_partlyCorrect/final/","<p dir=""ltr"">Incorreto.</p><p dir=""ltr"">Volte, reinicie e tente de novo.</p>"
"components/662cb49a387a3d0011473a85/title/","Question 4"
"components/662cb49a387a3d0011473a85/displayTitle/","Question 4"
"components/662cb49a387a3d0011473a85/body/","<p>Which is an example of IoT in practical use?</p>"
"components/662cb49a387a3d0011473a85/_items/0/text/","A thermostat that turns on the heating when you are on your way home"
"components/662cb49a387a3d0011473a85/_items/1/text/","A typewriter with a built-in printer"
"components/662cb49a387a3d0011473a85/_items/2/text/","A traditional thermostat with manual adjustments"
"components/662cb49a387a3d0011473a85/_items/3/text/","A standalone security camera with a separate microphone"
"components/662cb49a387a3d0011473a85/_feedback/correct/","<p dir=""ltr"">Correto.</p>"
"components/662cb49a387a3d0011473a85/_feedback/_incorrect/final/","<p dir=""ltr"">Incorreto.</p><p dir=""ltr"">Volte, reinicie e tente de novo.</p>"
"components/662cb49a387a3d0011473a85/_feedback/_partlyCorrect/final/","<p dir=""ltr"">Incorreto.</p><p dir=""ltr"">Volte, reinicie e tente de novo.</p>"
"components/662cb5260dcb90001103ce96/title/","Question 5"
"components/662cb5260dcb90001103ce96/displayTitle/","Question 5"
"components/662cb5260dcb90001103ce96/body/","<p>How has digital banking changed traditional banking practices?</p>"
"components/662cb5260dcb90001103ce96/_items/0/text/","It allows online management of accounts and transactions"
"components/662cb5260dcb90001103ce96/_items/1/text/","It eliminated the need for physical bank branches"
"components/662cb5260dcb90001103ce96/_items/2/text/","It has made banking practices more time-consuming"
"components/662cb5260dcb90001103ce96/_items/3/text/","It has reduced the security of banking transactions"
"components/662cb5260dcb90001103ce96/_feedback/correct/","<p dir=""ltr"">Correto.</p>"
"components/662cb5260dcb90001103ce96/_feedback/_incorrect/final/","<p dir=""ltr"">Incorreto.</p><p dir=""ltr"">Volte, reinicie e tente de novo.</p>"
"components/662cb5260dcb90001103ce96/_feedback/_partlyCorrect/final/","<p dir=""ltr"">Incorreto.</p><p dir=""ltr"">Volte, reinicie e tente de novo.</p>"
"components/662cb58d5f555c001145e894/title/","Question 6"
"components/662cb58d5f555c001145e894/displayTitle/","Question 6"
"components/662cb58d5f555c001145e894/body/","<p>What is a significant impact of the integration of digital technology in education?</p>"
"components/662cb58d5f555c001145e894/_items/0/text/","It offers flexibility and access beyond geographical constraints"
"components/662cb58d5f555c001145e894/_items/1/text/","It requires more physical presence in classrooms"
"components/662cb58d5f555c001145e894/_items/2/text/","It has limited access to education"
"components/662cb58d5f555c001145e894/_items/3/text/","It has decreased the quality of education"
"components/662cb58d5f555c001145e894/_feedback/correct/","<p dir=""ltr"">Correto.</p>"
"components/662cb58d5f555c001145e894/_feedback/_incorrect/final/","<p dir=""ltr"">Incorreto.</p><p dir=""ltr"">Volte, reinicie e tente de novo.</p>"
"components/662cb58d5f555c001145e894/_feedback/_partlyCorrect/final/","<p dir=""ltr"">Incorreto.</p><p dir=""ltr"">Volte, reinicie e tente de novo.</p>"
"components/662cb73d5f555c001145e895/title/","Identify tasks that could be made easier using digital technologies"
"components/662cb7e3bafa840011d9c2e5/title/","Question 1"
"components/662cb7e3bafa840011d9c2e5/displayTitle/","Question 1"
"components/662cb7e3bafa840011d9c2e5/placeholder/","Please select an option"
"components/662cb7e3bafa840011d9c2e5/_items/0/text/","Grocery shopping"
"components/662cb7e3bafa840011d9c2e5/_items/0/_options/0/text/","You can order groceries from the comfort of your home, compare prices easily, and schedule convenient delivery times."
"components/662cb7e3bafa840011d9c2e5/_items/0/_options/1/text/","Log into your bank account online, automate monthly bill payments, avoiding late fees and saving time spent on manual payments."
"components/662cb7e3bafa840011d9c2e5/_items/0/_options/2/text/","Use a meal-planning app to plan your weekly meals, generate shopping lists, and find recipes based on dietary preferences."
"components/662cb7e3bafa840011d9c2e5/_items/0/_options/3/text/","Use video and messaging apps to see and talk to loved ones whenever you want, and wherever you are."
"components/662cb7e3bafa840011d9c2e5/_items/0/_options/4/text/","Use a budget app to track your finances, create budgets and get insights into your family’s spending habits."
"components/662cb7e3bafa840011d9c2e5/_items/0/_options/5/text/","Use an organization’s website to schedule your next appointment, and receive a reminder when it’s time to leave."
"components/662cb7e3bafa840011d9c2e5/_items/0/_options/6/text/","Use search engines and online encyclopedias to find useful information, or even the answers to trivial questions that have been bugging you!"
"components/662cb7e3bafa840011d9c2e5/_items/0/_options/7/text/","Use map apps to find out where exactly you are and get directions to wherever you need to go. These apps can include real-time traffic updates so that if you’re driving, you can avoid the most congested routes."
"components/662cb7e3bafa840011d9c2e5/_feedback/correct/","<p dir=""ltr"">Correto.</p>"
"components/662cb7e3bafa840011d9c2e5/_feedback/_incorrect/final/","<p dir=""ltr"">Incorreto.</p><p dir=""ltr"">Volte, reinicie e tente de novo.</p>"
"components/662cb7e3bafa840011d9c2e5/_feedback/_partlyCorrect/final/","<p dir=""ltr"">Incorreto.</p><p dir=""ltr"">Volte, reinicie e tente de novo.</p>"
"components/662cb8f55f555c001145e896/title/","Question 2"
"components/662cb8f55f555c001145e896/displayTitle/","Question 2"
"components/662cb8f55f555c001145e896/placeholder/","Please select an option"
"components/662cb8f55f555c001145e896/_items/0/text/","Paying bills"
"components/662cb8f55f555c001145e896/_items/0/_options/0/text/","Log into your bank account online, automate monthly bill payments, avoiding late fees and saving time spent on manual payments."
"components/662cb8f55f555c001145e896/_items/0/_options/1/text/","You can order groceries from the comfort of your home, compare prices easily, and schedule convenient delivery times."
"components/662cb8f55f555c001145e896/_items/0/_options/2/text/","Use a meal-planning app to plan your weekly meals, generate shopping lists, and find recipes based on dietary preferences."
"components/662cb8f55f555c001145e896/_items/0/_options/3/text/","Use video and messaging apps to see and talk to loved ones whenever you want, and wherever you are."
"components/662cb8f55f555c001145e896/_items/0/_options/4/text/","Use a budget app to track your finances, create budgets and get insights into your family’s spending habits."
"components/662cb8f55f555c001145e896/_items/0/_options/5/text/","Use an organization’s website to schedule your next appointment, and receive a reminder when it’s time to leave."
"components/662cb8f55f555c001145e896/_items/0/_options/6/text/","Use search engines and online encyclopedias to find useful information, or even the answers to trivial questions that have been bugging you!"
"components/662cb8f55f555c001145e896/_items/0/_options/7/text/","Use map apps to find out where exactly you are and get directions to wherever you need to go. These apps can include real-time traffic updates so that if you’re driving, you can avoid the most congested routes."
"components/662cb8f55f555c001145e896/_feedback/correct/","<p dir=""ltr"">Correto.</p>"
"components/662cb8f55f555c001145e896/_feedback/_incorrect/final/","<p dir=""ltr"">Incorreto.</p><p dir=""ltr"">Volte, reinicie e tente de novo.</p>"
"components/662cb8f55f555c001145e896/_feedback/_partlyCorrect/final/","<p dir=""ltr"">Incorreto.</p><p dir=""ltr"">Volte, reinicie e tente de novo.</p>"
"components/662cb9ed387a3d0011473a87/title/","Question 3"
"components/662cb9ed387a3d0011473a87/displayTitle/","Question 3"
"components/662cb9ed387a3d0011473a87/placeholder/","Please select an option"
"components/662cb9ed387a3d0011473a87/_items/0/text/","Planning meals"
"components/662cb9ed387a3d0011473a87/_items/0/_options/0/text/","Use a meal-planning app to plan your weekly meals, generate shopping lists, and find recipes based on dietary preferences."
"components/662cb9ed387a3d0011473a87/_items/0/_options/1/text/","You can order groceries from the comfort of your home, compare prices easily, and schedule convenient delivery times."
"components/662cb9ed387a3d0011473a87/_items/0/_options/2/text/","Log into your bank account online, automate monthly bill payments, avoiding late fees and saving time spent on manual payments."
"components/662cb9ed387a3d0011473a87/_items/0/_options/3/text/","Use video and messaging apps to see and talk to loved ones whenever you want, and wherever you are."
"components/662cb9ed387a3d0011473a87/_items/0/_options/4/text/","Use a budget app to track your finances, create budgets and get insights into your family’s spending habits."
"components/662cb9ed387a3d0011473a87/_items/0/_options/5/text/","Use an organization’s website to schedule your next appointment, and receive a reminder when it’s time to leave."
"components/662cb9ed387a3d0011473a87/_items/0/_options/6/text/","Use search engines and online encyclopedias to find useful information, or even the answers to trivial questions that have been bugging you!"
"components/662cb9ed387a3d0011473a87/_items/0/_options/7/text/","Use map apps to find out where exactly you are and get directions to wherever you need to go. These apps can include real-time traffic updates so that if you’re driving, you can avoid the most congested routes."
"components/662cb9ed387a3d0011473a87/_feedback/correct/","<p dir=""ltr"">Correto.</p>"
"components/662cb9ed387a3d0011473a87/_feedback/_incorrect/final/","<p dir=""ltr"">Incorreto.</p><p dir=""ltr"">Volte, reinicie e tente de novo.</p>"
"components/662cb9ed387a3d0011473a87/_feedback/_partlyCorrect/final/","<p dir=""ltr"">Incorreto.</p><p dir=""ltr"">Volte, reinicie e tente de novo.</p>"
"components/662cba7d387a3d0011473a88/title/","Question 4"
"components/662cba7d387a3d0011473a88/displayTitle/","Question 4"
"components/662cba7d387a3d0011473a88/placeholder/","Please select an option"
"components/662cba7d387a3d0011473a88/_items/0/text/","Keeping in touch with friends and family"
"components/662cba7d387a3d0011473a88/_items/0/_options/0/text/","Use video and messaging apps to see and talk to loved ones whenever you want, and wherever you are."
"components/662cba7d387a3d0011473a88/_items/0/_options/1/text/","You can order groceries from the comfort of your home, compare prices easily, and schedule convenient delivery times."
"components/662cba7d387a3d0011473a88/_items/0/_options/2/text/","Log into your bank account online, automate monthly bill payments, avoiding late fees and saving time spent on manual payments."
"components/662cba7d387a3d0011473a88/_items/0/_options/3/text/","Use a meal-planning app to plan your weekly meals, generate shopping lists, and find recipes based on dietary preferences."
"components/662cba7d387a3d0011473a88/_items/0/_options/4/text/","Use a budget app to track your finances, create budgets and get insights into your family’s spending habits."
"components/662cba7d387a3d0011473a88/_items/0/_options/5/text/","Use an organization’s website to schedule your next appointment, and receive a reminder when it’s time to leave."
"components/662cba7d387a3d0011473a88/_items/0/_options/6/text/","Use search engines and online encyclopedias to find useful information, or even the answers to trivial questions that have been bugging you!"
"components/662cba7d387a3d0011473a88/_items/0/_options/7/text/","Use map apps to find out where exactly you are and get directions to wherever you need to go. These apps can include real-time traffic updates so that if you’re driving, you can avoid the most congested routes."
"components/662cba7d387a3d0011473a88/_feedback/correct/","<p dir=""ltr"">Correto.</p>"
"components/662cba7d387a3d0011473a88/_feedback/_incorrect/final/","<p dir=""ltr"">Incorreto.</p><p dir=""ltr"">Volte, reinicie e tente de novo.</p>"
"components/662cba7d387a3d0011473a88/_feedback/_partlyCorrect/final/","<p dir=""ltr"">Incorreto.</p><p dir=""ltr"">Volte, reinicie e tente de novo.</p>"
"components/662cbb51387a3d0011473a89/title/","Question 5"
"components/662cbb51387a3d0011473a89/displayTitle/","Question 5"
"components/662cbb51387a3d0011473a89/placeholder/","Please select an option"
"components/662cbb51387a3d0011473a89/_items/0/text/","Managing finances"
"components/662cbb51387a3d0011473a89/_items/0/_options/0/text/","Use a budget app to track your finances, create budgets and get insights into your family’s spending habits."
"components/662cbb51387a3d0011473a89/_items/0/_options/1/text/","You can order groceries from the comfort of your home, compare prices easily, and schedule convenient delivery times."
"components/662cbb51387a3d0011473a89/_items/0/_options/2/text/","Log into your bank account online, automate monthly bill payments, avoiding late fees and saving time spent on manual payments."
"components/662cbb51387a3d0011473a89/_items/0/_options/3/text/","Use a meal-planning app to plan your weekly meals, generate shopping lists, and find recipes based on dietary preferences."
"components/662cbb51387a3d0011473a89/_items/0/_options/4/text/","Use video and messaging apps to see and talk to loved ones whenever you want, and wherever you are."
"components/662cbb51387a3d0011473a89/_items/0/_options/5/text/","Use an organization’s website to schedule your next appointment, and receive a reminder when it’s time to leave."
"components/662cbb51387a3d0011473a89/_items/0/_options/6/text/","Use search engines and online encyclopedias to find useful information, or even the answers to trivial questions that have been bugging you!"
"components/662cbb51387a3d0011473a89/_items/0/_options/7/text/","Use map apps to find out where exactly you are and get directions to wherever you need to go. These apps can include real-time traffic updates so that if you’re driving, you can avoid the most congested routes."
"components/662cbb51387a3d0011473a89/_feedback/correct/","<p dir=""ltr"">Correto.</p>"
"components/662cbb51387a3d0011473a89/_feedback/_incorrect/final/","<p dir=""ltr"">Incorreto.</p><p dir=""ltr"">Volte, reinicie e tente de novo.</p>"
"components/662cbb51387a3d0011473a89/_feedback/_partlyCorrect/final/","<p dir=""ltr"">Incorreto.</p><p dir=""ltr"">Volte, reinicie e tente de novo.</p>"
"components/662cbc08d8cb7f00540044f1/title/","Question 6"
"components/662cbc08d8cb7f00540044f1/displayTitle/","Question 6"
"components/662cbc08d8cb7f00540044f1/placeholder/","Please select an option"
"components/662cbc08d8cb7f00540044f1/_items/0/text/","Scheduling appointments"
"components/662cbc08d8cb7f00540044f1/_items/0/_options/0/text/","Use an organization’s website to schedule your next appointment, and receive a reminder when it’s time to leave."
"components/662cbc08d8cb7f00540044f1/_items/0/_options/1/text/","You can order groceries from the comfort of your home, compare prices easily, and schedule convenient delivery times."
"components/662cbc08d8cb7f00540044f1/_items/0/_options/2/text/","Log into your bank account online, automate monthly bill payments, avoiding late fees and saving time spent on manual payments."
"components/662cbc08d8cb7f00540044f1/_items/0/_options/3/text/","Use a meal-planning app to plan your weekly meals, generate shopping lists, and find recipes based on dietary preferences."
"components/662cbc08d8cb7f00540044f1/_items/0/_options/4/text/","Use video and messaging apps to see and talk to loved ones whenever you want, and wherever you are."
"components/662cbc08d8cb7f00540044f1/_items/0/_options/5/text/","Use a budget app to track your finances, create budgets and get insights into your family’s spending habits."
"components/662cbc08d8cb7f00540044f1/_items/0/_options/6/text/","Use search engines and online encyclopedias to find useful information, or even the answers to trivial questions that have been bugging you!"
"components/662cbc08d8cb7f00540044f1/_items/0/_options/7/text/","Use map apps to find out where exactly you are and get directions to wherever you need to go. These apps can include real-time traffic updates so that if you’re driving, you can avoid the most congested routes."
"components/662cbc08d8cb7f00540044f1/_feedback/correct/","<p dir=""ltr"">Correto.</p>"
"components/662cbc08d8cb7f00540044f1/_feedback/_incorrect/final/","<p dir=""ltr"">Incorreto.</p><p dir=""ltr"">Volte, reinicie e tente de novo.</p>"
"components/662cbc08d8cb7f00540044f1/_feedback/_partlyCorrect/final/","<p dir=""ltr"">Incorreto.</p><p dir=""ltr"">Volte, reinicie e tente de novo.</p>"
"components/662cbcb6387a3d0011473a8b/title/","Question 7"
"components/662cbcb6387a3d0011473a8b/displayTitle/","Question 7"
"components/662cbcb6387a3d0011473a8b/placeholder/","Please select an option"
"components/662cbcb6387a3d0011473a8b/_items/0/text/","Finding information"
"components/662cbcb6387a3d0011473a8b/_items/0/_options/0/text/","Use search engines and online encyclopedias to find useful information, or even the answers to trivial questions that have been bugging you!"
"components/662cbcb6387a3d0011473a8b/_items/0/_options/1/text/","You can order groceries from the comfort of your home, compare prices easily, and schedule convenient delivery times."
"components/662cbcb6387a3d0011473a8b/_items/0/_options/2/text/","Log into your bank account online, automate monthly bill payments, avoiding late fees and saving time spent on manual payments."
"components/662cbcb6387a3d0011473a8b/_items/0/_options/3/text/","Use a meal-planning app to plan your weekly meals, generate shopping lists, and find recipes based on dietary preferences."
"components/662cbcb6387a3d0011473a8b/_items/0/_options/4/text/","Use video and messaging apps to see and talk to loved ones whenever you want, and wherever you are."
"components/662cbcb6387a3d0011473a8b/_items/0/_options/5/text/","Use a budget app to track your finances, create budgets and get insights into your family’s spending habits."
"components/662cbcb6387a3d0011473a8b/_items/0/_options/6/text/","Use an organization’s website to schedule your next appointment, and receive a reminder when it’s time to leave."
"components/662cbcb6387a3d0011473a8b/_items/0/_options/7/text/","Use map apps to find out where exactly you are and get directions to wherever you need to go. These apps can include real-time traffic updates so that if you’re driving, you can avoid the most congested routes."
"components/662cbcb6387a3d0011473a8b/_feedback/correct/","<p dir=""ltr"">Correto.</p>"
"components/662cbcb6387a3d0011473a8b/_feedback/_incorrect/final/","<p dir=""ltr"">Incorreto.</p><p dir=""ltr"">Volte, reinicie e tente de novo.</p>"
"components/662cbcb6387a3d0011473a8b/_feedback/_partlyCorrect/final/","<p dir=""ltr"">Incorreto.</p><p dir=""ltr"">Volte, reinicie e tente de novo.</p>"
"components/662cbd560dcb90001103ce9c/title/","Question 8"
"components/662cbd560dcb90001103ce9c/displayTitle/","Question 8"
"components/662cbd560dcb90001103ce9c/placeholder/","Please select an option"
"components/662cbd560dcb90001103ce9c/_items/0/text/","Navigating to new places"
"components/662cbd560dcb90001103ce9c/_items/0/_options/0/text/","Use map apps to find out where exactly you are and get directions to wherever you need to go. These apps can include real-time traffic updates so that if you’re driving, you can avoid the most congested routes."
"components/662cbd560dcb90001103ce9c/_items/0/_options/1/text/","You can order groceries from the comfort of your home, compare prices easily, and schedule convenient delivery times."
"components/662cbd560dcb90001103ce9c/_items/0/_options/2/text/","Log into your bank account online, automate monthly bill payments, avoiding late fees and saving time spent on manual payments."
"components/662cbd560dcb90001103ce9c/_items/0/_options/3/text/","Use a meal-planning app to plan your weekly meals, generate shopping lists, and find recipes based on dietary preferences."
"components/662cbd560dcb90001103ce9c/_items/0/_options/4/text/","Use video and messaging apps to see and talk to loved ones whenever you want, and wherever you are."
"components/662cbd560dcb90001103ce9c/_items/0/_options/5/text/","Use a budget app to track your finances, create budgets and get insights into your family’s spending habits."
"components/662cbd560dcb90001103ce9c/_items/0/_options/6/text/","Use an organization’s website to schedule your next appointment, and receive a reminder when it’s time to leave."
"components/662cbd560dcb90001103ce9c/_items/0/_options/7/text/","Use search engines and online encyclopedias to find useful information, or even the answers to trivial questions that have been bugging you!"
"components/662cbd560dcb90001103ce9c/_feedback/correct/","<p dir=""ltr"">Correto.</p>"
"components/662cbd560dcb90001103ce9c/_feedback/_incorrect/final/","<p dir=""ltr"">Incorreto.</p><p dir=""ltr"">Volte, reinicie e tente de novo.</p>"
"components/662cbd560dcb90001103ce9c/_feedback/_partlyCorrect/final/","<p dir=""ltr"">Incorreto.</p><p dir=""ltr"">Volte, reinicie e tente de novo.</p>"
"components/662cbe66387a3d0011473a8c/title/","Identify more tasks that could be made easier using digital technologies"
"components/662cbed0387a3d0011473a8d/title/","Question 1"
"components/662cbed0387a3d0011473a8d/displayTitle/","Question 1"
"components/662cbed0387a3d0011473a8d/placeholder/","Please select an option"
"components/662cbed0387a3d0011473a8d/_items/0/text/","Staying informed"
"components/662cbed0387a3d0011473a8d/_items/0/_options/0/text/","Read the news on a web browser or in a newspaper’s dedicated app."
"components/662cbed0387a3d0011473a8d/_items/0/_options/1/text/","Register with online learning courses to learn either at your own pace, or with a teacher or instructor. Learn a new language, or a new skill that will help you in your life, or simply give you enjoyment."
"components/662cbed0387a3d0011473a8d/_items/0/_options/2/text/","Watch live TV or pre-recorded shows and movies on your laptop, smartphone, tablet, or smart TV."
"components/662cbed0387a3d0011473a8d/_items/0/_options/3/text/","Use apps and smart devices to track your health and plan an exercise regime to help you get fitter and healthier."
"components/662cbed0387a3d0011473a8d/_items/0/_options/4/text/","Download a digital version of a book directly to your smartphone, tablet, or e-reader, and read it anywhere you go. Carry hundreds or even thousands of books with you on a single device."
"components/662cbed0387a3d0011473a8d/_items/0/_options/5/text/","Schedule tasks for specific days, or even specific people in your house to make sure that all the tasks are shared equally, and track what tasks get done and what still needs to be done."
"components/662cbed0387a3d0011473a8d/_items/0/_options/6/text/","Compare prices online, read reviews of products so that you can make sure you don't’ waste your money on something that you either don’t want or that isn’t what you need."
"components/662cbed0387a3d0011473a8d/_items/0/_options/7/text/","Find the best prices of flights and hotels online, and make reservations and pay for flights and accommodation."
"components/662cbed0387a3d0011473a8d/_feedback/correct/","<p dir=""ltr"">Correto.</p>"
"components/662cbed0387a3d0011473a8d/_feedback/_incorrect/final/","<p dir=""ltr"">Incorreto.</p><p dir=""ltr"">Volte, reinicie e tente de novo.</p>"
"components/662cbed0387a3d0011473a8d/_feedback/_partlyCorrect/final/","<p dir=""ltr"">Incorreto.</p><p dir=""ltr"">Volte, reinicie e tente de novo.</p>"
"components/662cbfcd0d9715005c49d06a/title/","Question 2"
"components/662cbfcd0d9715005c49d06a/displayTitle/","Question 2"
"components/662cbfcd0d9715005c49d06a/placeholder/","Please select an option"
"components/662cbfcd0d9715005c49d06a/_items/0/text/","Learning new skills"
"components/662cbfcd0d9715005c49d06a/_items/0/_options/0/text/","Register with online learning courses to learn either at your own pace, or with a teacher or instructor. Learn a new language, or a new skill that will help you in your life, or simply give you enjoyment."
"components/662cbfcd0d9715005c49d06a/_items/0/_options/1/text/","Read the news on a web browser or in a newspaper’s dedicated app."
"components/662cbfcd0d9715005c49d06a/_items/0/_options/2/text/","Watch live TV or pre-recorded shows and movies on your laptop, smartphone, tablet, or smart TV."
"components/662cbfcd0d9715005c49d06a/_items/0/_options/3/text/","Use apps and smart devices to track your health and plan an exercise regime to help you get fitter and healthier."
"components/662cbfcd0d9715005c49d06a/_items/0/_options/4/text/","Download a digital version of a book directly to your smartphone, tablet, or e-reader, and read it anywhere you go. Carry hundreds or even thousands of books with you on a single device."
"components/662cbfcd0d9715005c49d06a/_items/0/_options/5/text/","Schedule tasks for specific days, or even specific people in your house to make sure that all the tasks are shared equally, and track what tasks get done and what still needs to be done."
"components/662cbfcd0d9715005c49d06a/_items/0/_options/6/text/","Compare prices online, read reviews of products so that you can make sure you don't’ waste your money on something that you either don’t want or that isn’t what you need."
"components/662cbfcd0d9715005c49d06a/_items/0/_options/7/text/","Find the best prices of flights and hotels online, and make reservations and pay for flights and accommodation."
"components/662cbfcd0d9715005c49d06a/_feedback/correct/","<p dir=""ltr"">Correto.</p>"
"components/662cbfcd0d9715005c49d06a/_feedback/_incorrect/final/","<p dir=""ltr"">Incorreto.</p><p dir=""ltr"">Volte, reinicie e tente de novo.</p>"
"components/662cbfcd0d9715005c49d06a/_feedback/_partlyCorrect/final/","<p dir=""ltr"">Incorreto.</p><p dir=""ltr"">Volte, reinicie e tente de novo.</p>"
"components/662cc061910c6c005bbdfbf2/title/","Question 3"
"components/662cc061910c6c005bbdfbf2/displayTitle/","Question 3"
"components/662cc061910c6c005bbdfbf2/placeholder/","Please select an option"
"components/662cc061910c6c005bbdfbf2/_items/0/text/","Watch TV"
"components/662cc061910c6c005bbdfbf2/_items/0/_options/0/text/","Watch live TV or pre-recorded shows and movies on your laptop, smartphone, tablet, or smart TV."
"components/662cc061910c6c005bbdfbf2/_items/0/_options/1/text/","Read the news on a web browser or in a newspaper’s dedicated app."
"components/662cc061910c6c005bbdfbf2/_items/0/_options/2/text/","Register with online learning courses to learn either at your own pace, or with a teacher or instructor. Learn a new language, or a new skill that will help you in your life, or simply give you enjoyment."
"components/662cc061910c6c005bbdfbf2/_items/0/_options/3/text/","Use apps and smart devices to track your health and plan an exercise regime to help you get fitter and healthier."
"components/662cc061910c6c005bbdfbf2/_items/0/_options/4/text/","Download a digital version of a book directly to your smartphone, tablet, or e-reader, and read it anywhere you go. Carry hundreds or even thousands of books with you on a single device."
"components/662cc061910c6c005bbdfbf2/_items/0/_options/5/text/","Schedule tasks for specific days, or even specific people in your house to make sure that all the tasks are shared equally, and track what tasks get done and what still needs to be done."
"components/662cc061910c6c005bbdfbf2/_items/0/_options/6/text/","Compare prices online, read reviews of products so that you can make sure you don't’ waste your money on something that you either don’t want or that isn’t what you need."
"components/662cc061910c6c005bbdfbf2/_items/0/_options/7/text/","Find the best prices of flights and hotels online, and make reservations and pay for flights and accommodation."
"components/662cc061910c6c005bbdfbf2/_feedback/correct/","<p dir=""ltr"">Correto.</p>"
"components/662cc061910c6c005bbdfbf2/_feedback/_incorrect/final/","<p dir=""ltr"">Incorreto.</p><p dir=""ltr"">Volte, reinicie e tente de novo.</p>"
"components/662cc061910c6c005bbdfbf2/_feedback/_partlyCorrect/final/","<p dir=""ltr"">Incorreto.</p><p dir=""ltr"">Volte, reinicie e tente de novo.</p>"
"components/662cc12359c1b8006c6ed976/title/","Question 4"
"components/662cc12359c1b8006c6ed976/displayTitle/","Question 4"
"components/662cc12359c1b8006c6ed976/placeholder/","Please select an option"
"components/662cc12359c1b8006c6ed976/_items/0/text/","Exercise and fitness"
"components/662cc12359c1b8006c6ed976/_items/0/_options/0/text/","Use apps and smart devices to track your health and plan an exercise regime to help you get fitter and healthier."
"components/662cc12359c1b8006c6ed976/_items/0/_options/1/text/","Read the news on a web browser or in a newspaper’s dedicated app."
"components/662cc12359c1b8006c6ed976/_items/0/_options/2/text/","Register with online learning courses to learn either at your own pace, or with a teacher or instructor. Learn a new language, or a new skill that will help you in your life, or simply give you enjoyment."
"components/662cc12359c1b8006c6ed976/_items/0/_options/3/text/","Watch live TV or pre-recorded shows and movies on your laptop, smartphone, tablet, or smart TV."
"components/662cc12359c1b8006c6ed976/_items/0/_options/4/text/","Download a digital version of a book directly to your smartphone, tablet, or e-reader, and read it anywhere you go. Carry hundreds or even thousands of books with you on a single device."
"components/662cc12359c1b8006c6ed976/_items/0/_options/5/text/","Schedule tasks for specific days, or even specific people in your house to make sure that all the tasks are shared equally, and track what tasks get done and what still needs to be done."
"components/662cc12359c1b8006c6ed976/_items/0/_options/6/text/","Compare prices online, read reviews of products so that you can make sure you don't’ waste your money on something that you either don’t want or that isn’t what you need."
"components/662cc12359c1b8006c6ed976/_items/0/_options/7/text/","Find the best prices of flights and hotels online, and make reservations and pay for flights and accommodation."
"components/662cc12359c1b8006c6ed976/_feedback/correct/","<p dir=""ltr"">Correto.</p>"
"components/662cc12359c1b8006c6ed976/_feedback/_incorrect/final/","<p dir=""ltr"">Incorreto.</p><p dir=""ltr"">Volte, reinicie e tente de novo.</p>"
"components/662cc12359c1b8006c6ed976/_feedback/_partlyCorrect/final/","<p dir=""ltr"">Incorreto.</p><p dir=""ltr"">Volte, reinicie e tente de novo.</p>"
"components/662cc1d70d9715005c49d06c/title/","Question 5"
"components/662cc1d70d9715005c49d06c/displayTitle/","Question 5"
"components/662cc1d70d9715005c49d06c/placeholder/","Please select an option"
"components/662cc1d70d9715005c49d06c/_items/0/text/","Read a book"
"components/662cc1d70d9715005c49d06c/_items/0/_options/0/text/","Download a digital version of a book directly to your smartphone, tablet, or e-reader, and read it anywhere you go. Carry hundreds or even thousands of books with you on a single device."
"components/662cc1d70d9715005c49d06c/_items/0/_options/1/text/","Read the news on a web browser or in a newspaper’s dedicated app."
"components/662cc1d70d9715005c49d06c/_items/0/_options/2/text/","Register with online learning courses to learn either at your own pace, or with a teacher or instructor. Learn a new language, or a new skill that will help you in your life, or simply give you enjoyment."
"components/662cc1d70d9715005c49d06c/_items/0/_options/3/text/","Watch live TV or pre-recorded shows and movies on your laptop, smartphone, tablet, or smart TV."
"components/662cc1d70d9715005c49d06c/_items/0/_options/4/text/","Use apps and smart devices to track your health and plan an exercise regime to help you get fitter and healthier."
"components/662cc1d70d9715005c49d06c/_items/0/_options/5/text/","Schedule tasks for specific days, or even specific people in your house to make sure that all the tasks are shared equally, and track what tasks get done and what still needs to be done."
"components/662cc1d70d9715005c49d06c/_items/0/_options/6/text/","Compare prices online, read reviews of products so that you can make sure you don't’ waste your money on something that you either don’t want or that isn’t what you need."
"components/662cc1d70d9715005c49d06c/_items/0/_options/7/text/","Find the best prices of flights and hotels online, and make reservations and pay for flights and accommodation."
"components/662cc1d70d9715005c49d06c/_feedback/correct/","<p dir=""ltr"">Correto.</p>"
"components/662cc1d70d9715005c49d06c/_feedback/_incorrect/final/","<p dir=""ltr"">Incorreto.</p><p dir=""ltr"">Volte, reinicie e tente de novo.</p>"
"components/662cc1d70d9715005c49d06c/_feedback/_partlyCorrect/final/","<p dir=""ltr"">Incorreto.</p><p dir=""ltr"">Volte, reinicie e tente de novo.</p>"
"components/662cc27f0d9715005c49d06d/title/","Question 6"
"components/662cc27f0d9715005c49d06d/displayTitle/","Question 6"
"components/662cc27f0d9715005c49d06d/placeholder/","Please select an option"
"components/662cc27f0d9715005c49d06d/_items/0/text/","Housework"
"components/662cc27f0d9715005c49d06d/_items/0/_options/0/text/","Schedule tasks for specific days, or even specific people in your house to make sure that all the tasks are shared equally, and track what tasks get done and what still needs to be done."
"components/662cc27f0d9715005c49d06d/_items/0/_options/1/text/","Read the news on a web browser or in a newspaper’s dedicated app."
"components/662cc27f0d9715005c49d06d/_items/0/_options/2/text/","Register with online learning courses to learn either at your own pace, or with a teacher or instructor. Learn a new language, or a new skill that will help you in your life, or simply give you enjoyment."
"components/662cc27f0d9715005c49d06d/_items/0/_options/3/text/","Watch live TV or pre-recorded shows and movies on your laptop, smartphone, tablet, or smart TV."
"components/662cc27f0d9715005c49d06d/_items/0/_options/4/text/","Use apps and smart devices to track your health and plan an exercise regime to help you get fitter and healthier."
"components/662cc27f0d9715005c49d06d/_items/0/_options/5/text/","Download a digital version of a book directly to your smartphone, tablet, or e-reader, and read it anywhere you go. Carry hundreds or even thousands of books with you on a single device."
"components/662cc27f0d9715005c49d06d/_items/0/_options/6/text/","Compare prices online, read reviews of products so that you can make sure you don't’ waste your money on something that you either don’t want or that isn’t what you need."
"components/662cc27f0d9715005c49d06d/_items/0/_options/7/text/","Find the best prices of flights and hotels online, and make reservations and pay for flights and accommodation."
"components/662cc27f0d9715005c49d06d/_feedback/correct/","<p dir=""ltr"">Correto.</p>"
"components/662cc27f0d9715005c49d06d/_feedback/_incorrect/final/","<p dir=""ltr"">Incorreto.</p><p dir=""ltr"">Volte, reinicie e tente de novo.</p>"
"components/662cc27f0d9715005c49d06d/_feedback/_partlyCorrect/final/","<p dir=""ltr"">Incorreto.</p><p dir=""ltr"">Volte, reinicie e tente de novo.</p>"
"components/662cc31d910c6c005bbdfbf5/title/","Question 7"
"components/662cc31d910c6c005bbdfbf5/displayTitle/","Question 7"
"components/662cc31d910c6c005bbdfbf5/placeholder/","Please select an option"
"components/662cc31d910c6c005bbdfbf5/_items/0/text/","Making big purchases"
"components/662cc31d910c6c005bbdfbf5/_items/0/_options/0/text/","Compare prices online, read reviews of products so that you can make sure you don't waste your money on something that you either don’t want or that isn’t what you need."
"components/662cc31d910c6c005bbdfbf5/_items/0/_options/1/text/","Read the news on a web browser or in a newspaper’s dedicated app."
"components/662cc31d910c6c005bbdfbf5/_items/0/_options/2/text/","Register with online learning courses to learn either at your own pace, or with a teacher or instructor. Learn a new language, or a new skill that will help you in your life, or simply give you enjoyment."
"components/662cc31d910c6c005bbdfbf5/_items/0/_options/3/text/","Watch live TV or pre-recorded shows and movies on your laptop, smartphone, tablet, or smart TV."
"components/662cc31d910c6c005bbdfbf5/_items/0/_options/4/text/","Use apps and smart devices to track your health and plan an exercise regime to help you get fitter and healthier."
"components/662cc31d910c6c005bbdfbf5/_items/0/_options/5/text/","Download a digital version of a book directly to your smartphone, tablet, or e-reader, and read it anywhere you go. Carry hundreds or even thousands of books with you on a single device."
"components/662cc31d910c6c005bbdfbf5/_items/0/_options/6/text/","Schedule tasks for specific days, or even specific people in your house to make sure that all the tasks are shared equally, and track what tasks get done and what still needs to be done."
"components/662cc31d910c6c005bbdfbf5/_items/0/_options/7/text/","Find the best prices of flights and hotels online, and make reservations and pay for flights and accommodation."
"components/662cc31d910c6c005bbdfbf5/_feedback/correct/","<p dir=""ltr"">Correto.</p>"
"components/662cc31d910c6c005bbdfbf5/_feedback/_incorrect/final/","<p dir=""ltr"">Incorreto.</p><p dir=""ltr"">Volte, reinicie e tente de novo.</p>"
"components/662cc31d910c6c005bbdfbf5/_feedback/_partlyCorrect/final/","<p dir=""ltr"">Incorreto.</p><p dir=""ltr"">Volte, reinicie e tente de novo.</p>"
"components/662cc3d1d8cb7f00540044f2/title/","Question 8"
"components/662cc3d1d8cb7f00540044f2/displayTitle/","Question 8"
"components/662cc3d1d8cb7f00540044f2/placeholder/","Please select an option"
"components/662cc3d1d8cb7f00540044f2/_items/0/text/","Booking travel"
"components/662cc3d1d8cb7f00540044f2/_items/0/_options/0/text/","Find the best prices of flights and hotels online, and make reservations and pay for flights and accommodation."
"components/662cc3d1d8cb7f00540044f2/_items/0/_options/1/text/","Read the news on a web browser or in a newspaper’s dedicated app."
"components/662cc3d1d8cb7f00540044f2/_items/0/_options/2/text/","Register with online learning courses to learn either at your own pace, or with a teacher or instructor. Learn a new language, or a new skill that will help you in your life, or simply give you enjoyment."
"components/662cc3d1d8cb7f00540044f2/_items/0/_options/3/text/","Watch live TV or pre-recorded shows and movies on your laptop, smartphone, tablet, or smart TV."
"components/662cc3d1d8cb7f00540044f2/_items/0/_options/4/text/","Use apps and smart devices to track your health and plan an exercise regime to help you get fitter and healthier."
"components/662cc3d1d8cb7f00540044f2/_items/0/_options/5/text/","Download a digital version of a book directly to your smartphone, tablet, or e-reader, and read it anywhere you go. Carry hundreds or even thousands of books with you on a single device."
"components/662cc3d1d8cb7f00540044f2/_items/0/_options/6/text/","Schedule tasks for specific days, or even specific people in your house to make sure that all the tasks are shared equally, and track what tasks get done and what still needs to be done."
"components/662cc3d1d8cb7f00540044f2/_items/0/_options/7/text/","Compare prices online, read reviews of products so that you can make sure you don't’ waste your money on something that you either don’t want or that isn’t what you need."
"components/662cc3d1d8cb7f00540044f2/_feedback/correct/","<p dir=""ltr"">Correto.</p>"
"components/662cc3d1d8cb7f00540044f2/_feedback/_incorrect/final/","<p dir=""ltr"">Incorreto.</p><p dir=""ltr"">Volte, reinicie e tente de novo.</p>"
"components/662cc3d1d8cb7f00540044f2/_feedback/_partlyCorrect/final/","<p dir=""ltr"">Incorreto.</p><p dir=""ltr"">Volte, reinicie e tente de novo.</p>"
"components/662cc9780d9715005c49d06f/title/","Título do novo componente"
"components/662cc9780d9715005c49d06f/_graphic/alt/","DL Logo with border"
"components/662cc99459c1b8006c6ed97e/title/","Título do novo componente"
"components/662cc9bb0d9715005c49d072/title/","Different types of services"
"components/662cc9bb0d9715005c49d072/body/","<p>Watch the video, then complete the exercises.</p>"
"components/662cc9bb0d9715005c49d072/_timestamp/label/","Timestamps"
"components/662cc9bb0d9715005c49d072/_transcript/inlineTranscriptButton/","View transcript"
"components/662cc9bb0d9715005c49d072/_transcript/inlineTranscriptCloseButton/","Fechar"
"components/662cc9bb0d9715005c49d072/_transcript/inlineTranscriptBody/","<p dir=""ltr""><strong>Online services can be broadly categorized into three main types: public, private, and community-based. Each category serves distinct purposes and caters to different user needs.</strong></p><p>&nbsp;</p><p dir=""ltr""><strong>Public services include government websites and educational platforms. Government websites offer access to various administrative services, like filing taxes, applying for passports, or accessing public health information. Educational platforms are publicly accessible educational resources, including online courses from universities or information repositories from public libraries. Many public services are free to use, although you might need to create an account before you can use them.</strong></p><p>&nbsp;</p><p dir=""ltr""><strong>The next category is private services, like e-commerce platforms, online banking, or subscription services. E-commerce platforms include sites like Amazon or eBay, where users can purchase goods online. Most banks now offer the majority of their services online, so that you can manage your account, pay bills, or transfer money to other accounts. Subscription services include streaming platforms like Netflix or software services like Adobe Creative Cloud. For a monthly fee, they provide you with access to their services. These can be for entertainment, like watching movies and TV shows, or for listening to music, or they can be work-related, like the apps that you need to perform your day-to-day job.</strong></p><p>&nbsp;</p><p dir=""ltr""><strong>Finally, there are community-based services that include social media platforms and information repositories. Social media platforms are sites like Facebook or TikTok and they facilitate social networking and information sharing. Information repositories include platforms like Wikipedia, where users collaboratively create and edit content, or Project Gutenberg, which is a massive library of over 60,000 free books. Information repository platforms are usually free to join and depend on donations from supporters in order to keep running. Social media platforms normally make money by inserting advertisements in the middle of the content you are viewing. Some of them also offer a subscription service, where they will remove the adverts for a monthly fee.</strong></p><p>&nbsp;</p><p dir=""ltr""><strong>Online platforms offer a lot of options, both paid and free. Whichever you choose, remember to familiarize yourself with how they work to ensure your digital experience is not only pleasant, but also secure.</strong></p>"
"components/662cc9bb0d9715005c49d072/_transcript/transcriptLinkButton/","Download transcript"
"components/662cca1b0d9715005c49d075/title/","Título do novo componente"
"components/662cca67910c6c005bbdfbf6/title/","Question 1"
"components/662cca67910c6c005bbdfbf6/displayTitle/","Question 1"
"components/662cca67910c6c005bbdfbf6/body/","<p>Which type of public service would you use for queries relating to official administration?</p>"
"components/662cca67910c6c005bbdfbf6/_items/0/text/","A government website"
"components/662cca67910c6c005bbdfbf6/_items/1/text/","A streaming platform"
"components/662cca67910c6c005bbdfbf6/_items/2/text/","An e-commerce platform"
"components/662cca67910c6c005bbdfbf6/_items/3/text/","A community-based service"
"components/662cca67910c6c005bbdfbf6/_feedback/correct/","<p dir=""ltr"">Correto.</p>"
"components/662cca67910c6c005bbdfbf6/_feedback/_incorrect/final/","<p dir=""ltr"">Incorreto.</p><p dir=""ltr"">Volte, reinicie e tente de novo.</p>"
"components/662cca67910c6c005bbdfbf6/_feedback/_partlyCorrect/final/","<p dir=""ltr"">Incorreto.</p><p dir=""ltr"">Volte, reinicie e tente de novo.</p>"
"components/662ccae0910c6c005bbdfbf7/title/","Question 2"
"components/662ccae0910c6c005bbdfbf7/displayTitle/","Question 2"
"components/662ccae0910c6c005bbdfbf7/body/","<p>According to the speaker in the video, which institutions now provide most of their services online for customers' convenience?</p>"
"components/662ccae0910c6c005bbdfbf7/_items/0/text/","Banks"
"components/662ccae0910c6c005bbdfbf7/_items/1/text/","Educational platforms"
"components/662ccae0910c6c005bbdfbf7/_items/2/text/","Public libraries"
"components/662ccae0910c6c005bbdfbf7/_items/3/text/","Streaming platforms"
"components/662ccae0910c6c005bbdfbf7/_feedback/correct/","<p dir=""ltr"">Correto.</p>"
"components/662ccae0910c6c005bbdfbf7/_feedback/_incorrect/final/","<p dir=""ltr"">Incorreto.</p><p dir=""ltr"">Volte, reinicie e tente de novo.</p>"
"components/662ccae0910c6c005bbdfbf7/_feedback/_partlyCorrect/final/","<p dir=""ltr"">Incorreto.</p><p dir=""ltr"">Volte, reinicie e tente de novo.</p>"
"components/662ccb7059c1b8006c6ed982/title/","Question 3"
"components/662ccb7059c1b8006c6ed982/displayTitle/","Question 3"
"components/662ccb7059c1b8006c6ed982/body/","<p>A monthly subscription is typical when using which type of service?</p>"
"components/662ccb7059c1b8006c6ed982/_items/0/text/","Streaming and software services"
"components/662ccb7059c1b8006c6ed982/_items/1/text/","Online banking"
"components/662ccb7059c1b8006c6ed982/_items/2/text/","Government administration services"
"components/662ccb7059c1b8006c6ed982/_items/3/text/","Online university courses"
"components/662ccb7059c1b8006c6ed982/_feedback/correct/","<p dir=""ltr"">Correto.</p>"
"components/662ccb7059c1b8006c6ed982/_feedback/_incorrect/final/","<p dir=""ltr"">Incorreto.</p><p dir=""ltr"">Volte, reinicie e tente de novo.</p>"
"components/662ccb7059c1b8006c6ed982/_feedback/_partlyCorrect/final/","<p dir=""ltr"">Incorreto.</p><p dir=""ltr"">Volte, reinicie e tente de novo.</p>"
"components/662ccbf7910c6c005bbdfbf8/title/","Question 4"
"components/662ccbf7910c6c005bbdfbf8/displayTitle/","Question 4"
"components/662ccbf7910c6c005bbdfbf8/body/","<p>What is Wikipedia an example of?</p>"
"components/662ccbf7910c6c005bbdfbf8/_items/0/text/","An information repository platform"
"components/662ccbf7910c6c005bbdfbf8/_items/1/text/","A social media platform"
"components/662ccbf7910c6c005bbdfbf8/_items/2/text/","A private subscription service"
"components/662ccbf7910c6c005bbdfbf8/_items/3/text/","A government platform"
"components/662ccbf7910c6c005bbdfbf8/_feedback/correct/","<p dir=""ltr"">Correto.</p>"
"components/662ccbf7910c6c005bbdfbf8/_feedback/_incorrect/final/","<p dir=""ltr"">Incorreto.</p><p dir=""ltr"">Volte, reinicie e tente de novo.</p>"
"components/662ccbf7910c6c005bbdfbf8/_feedback/_partlyCorrect/final/","<p dir=""ltr"">Incorreto.</p><p dir=""ltr"">Volte, reinicie e tente de novo.</p>"
"components/662ccc6a59c1b8006c6ed984/title/","Question 5"
"components/662ccc6a59c1b8006c6ed984/displayTitle/","Question 5"
"components/662ccc6a59c1b8006c6ed984/body/","<p>Which type of entity makes money through advertising?</p>"
"components/662ccc6a59c1b8006c6ed984/_items/0/text/","A social media platform"
"components/662ccc6a59c1b8006c6ed984/_items/1/text/","An information repository"
"components/662ccc6a59c1b8006c6ed984/_items/2/text/","A government administration website"
"components/662ccc6a59c1b8006c6ed984/_items/3/text/","An educational platform"
"components/662ccc6a59c1b8006c6ed984/_feedback/correct/","<p dir=""ltr"">Correto.</p>"
"components/662ccc6a59c1b8006c6ed984/_feedback/_incorrect/final/","<p dir=""ltr"">Incorreto.</p><p dir=""ltr"">Volte, reinicie e tente de novo.</p>"
"components/662ccc6a59c1b8006c6ed984/_feedback/_partlyCorrect/final/","<p dir=""ltr"">Incorreto.</p><p dir=""ltr"">Volte, reinicie e tente de novo.</p>"
"components/662ccce30d9715005c49d076/title/","Question 6"
"components/662ccce30d9715005c49d076/displayTitle/","Question 6"
"components/662ccce30d9715005c49d076/body/","<p>What is one benefit of a subscription service?</p>"
"components/662ccce30d9715005c49d076/_items/0/text/","Paying a monthly fee can remove adverts"
"components/662ccce30d9715005c49d076/_items/1/text/","You can stop making donations"
"components/662ccce30d9715005c49d076/_items/2/text/","You can have access to a massive library"
"components/662ccce30d9715005c49d076/_items/3/text/","You can transfer money to other accounts"
"components/662ccce30d9715005c49d076/_feedback/correct/","<p dir=""ltr"">Correto.</p>"
"components/662ccce30d9715005c49d076/_feedback/_incorrect/final/","<p dir=""ltr"">Incorreto.</p><p dir=""ltr"">Volte, reinicie e tente de novo.</p>"
"components/662ccce30d9715005c49d076/_feedback/_partlyCorrect/final/","<p dir=""ltr"">Incorreto.</p><p dir=""ltr"">Volte, reinicie e tente de novo.</p>"
"components/662cce37910c6c005bbdfbfb/title/","Título do novo componente"
"components/662cce6bd8cb7f00540044f7/title/","Question 1"
"components/662cce6bd8cb7f00540044f7/displayTitle/","Question 1"
"components/662cce6bd8cb7f00540044f7/placeholder/","Please select an option"
"components/662cce6bd8cb7f00540044f7/_items/0/text/","Public ownership"
"components/662cce6bd8cb7f00540044f7/_items/0/_options/0/text/","University website: www.yale.edu"
"components/662cce6bd8cb7f00540044f7/_items/0/_options/1/text/","Online store: www.amazon.com"
"components/662cce6bd8cb7f00540044f7/_items/0/_options/2/text/","Non-profit online encyclopedia: www.wikipedia.org"
"components/662cce6bd8cb7f00540044f7/_feedback/correct/","<p dir=""ltr"">Correto.</p>"
"components/662cce6bd8cb7f00540044f7/_feedback/_incorrect/final/","<p dir=""ltr"">Incorreto.</p><p dir=""ltr"">Volte, reinicie e tente de novo.</p>"
"components/662cce6bd8cb7f00540044f7/_feedback/_partlyCorrect/final/","<p dir=""ltr"">Incorreto.</p><p dir=""ltr"">Volte, reinicie e tente de novo.</p>"
"components/662ccf9b910c6c005bbdfbfd/title/","Question 2"
"components/662ccf9b910c6c005bbdfbfd/displayTitle/","Question 2"
"components/662ccf9b910c6c005bbdfbfd/placeholder/","Please select an option"
"components/662ccf9b910c6c005bbdfbfd/_items/0/text/","Private ownership"
"components/662ccf9b910c6c005bbdfbfd/_items/0/_options/0/text/","Online store: www.amazon.com"
"components/662ccf9b910c6c005bbdfbfd/_items/0/_options/1/text/","University website: www.yale.edu"
"components/662ccf9b910c6c005bbdfbfd/_items/0/_options/2/text/","Non-profit online encyclopedia: www.wikipedia.org"
"components/662ccf9b910c6c005bbdfbfd/_feedback/correct/","<p dir=""ltr"">Correto.</p>"
"components/662ccf9b910c6c005bbdfbfd/_feedback/_incorrect/final/","<p dir=""ltr"">Incorreto.</p><p dir=""ltr"">Volte, reinicie e tente de novo.</p>"
"components/662ccf9b910c6c005bbdfbfd/_feedback/_partlyCorrect/final/","<p dir=""ltr"">Incorreto.</p><p dir=""ltr"">Volte, reinicie e tente de novo.</p>"
"components/662cd0680d9715005c49d078/title/","Question 3"
"components/662cd0680d9715005c49d078/displayTitle/","Question 3"
"components/662cd0680d9715005c49d078/placeholder/","Please select an option"
"components/662cd0680d9715005c49d078/_items/0/text/","Community ownership"
"components/662cd0680d9715005c49d078/_items/0/_options/0/text/","Non-profit online encyclopedia: www.wikipedia.org"
"components/662cd0680d9715005c49d078/_items/0/_options/1/text/","Online store: www.amazon.com"
"components/662cd0680d9715005c49d078/_items/0/_options/2/text/","University website: www.yale.edu"
"components/662cd0680d9715005c49d078/_feedback/correct/","<p dir=""ltr"">Correto.</p>"
"components/662cd0680d9715005c49d078/_feedback/_incorrect/final/","<p dir=""ltr"">Incorreto.</p><p dir=""ltr"">Volte, reinicie e tente de novo.</p>"
"components/662cd0680d9715005c49d078/_feedback/_partlyCorrect/final/","<p dir=""ltr"">Incorreto.</p><p dir=""ltr"">Volte, reinicie e tente de novo.</p>"
"components/662cd1432900dc00a7c07462/title/","Question 4"
"components/662cd1432900dc00a7c07462/displayTitle/","Question 4"
"components/662cd1432900dc00a7c07462/placeholder/","Please select an option"
"components/662cd1432900dc00a7c07462/_items/0/text/","Governmental content"
"components/662cd1432900dc00a7c07462/_items/0/_options/0/text/","US Library of Congress: www.loc.gov"
"components/662cd1432900dc00a7c07462/_items/0/_options/1/text/","Facebook: www.facebook.com"
"components/662cd1432900dc00a7c07462/_items/0/_options/2/text/","The Guardian: www.theguardian.com"
"components/662cd1432900dc00a7c07462/_items/0/_options/3/text/","Netflix: www.netflix.com"
"components/662cd1432900dc00a7c07462/_items/0/_options/4/text/","Amazon: www.amazon.com"
"components/662cd1432900dc00a7c07462/_feedback/correct/","<p dir=""ltr"">Correto.</p>"
"components/662cd1432900dc00a7c07462/_feedback/_incorrect/final/","<p dir=""ltr"">Incorreto.</p><p dir=""ltr"">Volte, reinicie e tente de novo.</p>"
"components/662cd1432900dc00a7c07462/_feedback/_partlyCorrect/final/","<p dir=""ltr"">Incorreto.</p><p dir=""ltr"">Volte, reinicie e tente de novo.</p>"
"components/662cd1f654591600839ff672/title/","Question 5"
"components/662cd1f654591600839ff672/displayTitle/","Question 5"
"components/662cd1f654591600839ff672/placeholder/","Please select an option"
"components/662cd1f654591600839ff672/_items/0/text/","Social media content"
"components/662cd1f654591600839ff672/_items/0/_options/0/text/","Facebook: www.facebook.com"
"components/662cd1f654591600839ff672/_items/0/_options/1/text/","US Library of Congress: www.loc.gov"
"components/662cd1f654591600839ff672/_items/0/_options/2/text/","The Guardian: www.theguardian.com"
"components/662cd1f654591600839ff672/_items/0/_options/3/text/","Netflix: www.netflix.com"
"components/662cd1f654591600839ff672/_items/0/_options/4/text/","Amazon: www.amazon.com"
"components/662cd1f654591600839ff672/_feedback/correct/","<p dir=""ltr"">Correto.</p>"
"components/662cd1f654591600839ff672/_feedback/_incorrect/final/","<p dir=""ltr"">Incorreto.</p><p dir=""ltr"">Volte, reinicie e tente de novo.</p>"
"components/662cd1f654591600839ff672/_feedback/_partlyCorrect/final/","<p dir=""ltr"">Incorreto.</p><p dir=""ltr"">Volte, reinicie e tente de novo.</p>"
"components/662cd2eb3aaf580083b2c80a/title/","Question 6"
"components/662cd2eb3aaf580083b2c80a/displayTitle/","Question 6"
"components/662cd2eb3aaf580083b2c80a/placeholder/","Please select an option"
"components/662cd2eb3aaf580083b2c80a/_items/0/text/","News content"
"components/662cd2eb3aaf580083b2c80a/_items/0/_options/0/text/","The Guardian: www.theguardian.com"
"components/662cd2eb3aaf580083b2c80a/_items/0/_options/1/text/","US Library of Congress: www.loc.gov"
"components/662cd2eb3aaf580083b2c80a/_items/0/_options/2/text/","Facebook: www.facebook.com"
"components/662cd2eb3aaf580083b2c80a/_items/0/_options/3/text/","Netflix: www.netflix.com"
"components/662cd2eb3aaf580083b2c80a/_items/0/_options/4/text/","Amazon: www.amazon.com"
"components/662cd2eb3aaf580083b2c80a/_feedback/correct/","<p dir=""ltr"">Correto.</p>"
"components/662cd2eb3aaf580083b2c80a/_feedback/_incorrect/final/","<p dir=""ltr"">Incorreto.</p><p dir=""ltr"">Volte, reinicie e tente de novo.</p>"
"components/662cd2eb3aaf580083b2c80a/_feedback/_partlyCorrect/final/","<p dir=""ltr"">Incorreto.</p><p dir=""ltr"">Volte, reinicie e tente de novo.</p>"
"components/662cd37f2900dc00a7c07464/title/","Question 7"
"components/662cd37f2900dc00a7c07464/displayTitle/","Question 7"
"components/662cd37f2900dc00a7c07464/placeholder/","Please select an option"
"components/662cd37f2900dc00a7c07464/_items/0/text/","Entertainment content"
"components/662cd37f2900dc00a7c07464/_items/0/_options/0/text/","Netflix: www.netflix.com"
"components/662cd37f2900dc00a7c07464/_items/0/_options/1/text/","US Library of Congress: www.loc.gov"
"components/662cd37f2900dc00a7c07464/_items/0/_options/2/text/","Facebook: www.facebook.com"
"components/662cd37f2900dc00a7c07464/_items/0/_options/3/text/","The Guardian: www.theguardian.com"
"components/662cd37f2900dc00a7c07464/_items/0/_options/4/text/","Amazon: www.amazon.com"
"components/662cd37f2900dc00a7c07464/_feedback/correct/","<p dir=""ltr"">Correto.</p>"
"components/662cd37f2900dc00a7c07464/_feedback/_incorrect/final/","<p dir=""ltr"">Incorreto.</p><p dir=""ltr"">Volte, reinicie e tente de novo.</p>"
"components/662cd37f2900dc00a7c07464/_feedback/_partlyCorrect/final/","<p dir=""ltr"">Incorreto.</p><p dir=""ltr"">Volte, reinicie e tente de novo.</p>"
"components/662cd44054591600839ff675/title/","Question 8"
"components/662cd44054591600839ff675/displayTitle/","Question 8"
"components/662cd44054591600839ff675/placeholder/","Please select an option"
"components/662cd44054591600839ff675/_items/0/text/","Shopping content"
"components/662cd44054591600839ff675/_items/0/_options/0/text/","Amazon: www.amazon.com"
"components/662cd44054591600839ff675/_items/0/_options/1/text/","US Library of Congress: www.loc.gov"
"components/662cd44054591600839ff675/_items/0/_options/2/text/","Facebook: www.facebook.com"
"components/662cd44054591600839ff675/_items/0/_options/3/text/","The Guardian: www.theguardian.com"
"components/662cd44054591600839ff675/_items/0/_options/4/text/","Netflix: www.netflix.com"
"components/662cd44054591600839ff675/_feedback/correct/","<p dir=""ltr"">Correto.</p>"
"components/662cd44054591600839ff675/_feedback/_incorrect/final/","<p dir=""ltr"">Incorreto.</p><p dir=""ltr"">Volte, reinicie e tente de novo.</p>"
"components/662cd44054591600839ff675/_feedback/_partlyCorrect/final/","<p dir=""ltr"">Incorreto.</p><p dir=""ltr"">Volte, reinicie e tente de novo.</p>"
"components/6642152e4e848a044d0fdac4/title/","Título do novo componente"
"components/6642152e4e848a044d0fdac4/_graphic/alt/","Digital marketing"
"components/6642197d264c0b04b6fe7404/title/","Título do novo componente"
"components/19125552f72043a0b895ca20a15fe085/title/","Text"
"components/19125552f72043a0b895ca20a15fe085/body/","<h1><span><span style=""color:#ffffff""><span>{{_moduleNumber}}.2 Exploring the Digital World.</span></span></span></h1>"
"components/3d28e122e20a403b8e452f1341eb551a/title/","Transcript"
"components/3d28e122e20a403b8e452f1341eb551a/_items/0/title/","Show transcript"
"components/3d28e122e20a403b8e452f1341eb551a/_items/0/body/","<p dir=""ltr"">Digital technology is incredible. It connects us across continents, offers an instant access to information, and provides platforms for innovation and creativity. For example, GPS technology allows us to have the most accurate up-to-date maps in our pockets. And families who live far away from each other can now see each other without having to travel. Tasks that once took days are now accomplished in moments. You can pay all your bills with a few clicks of a button and keep a record of what you paid, how much, and to whom?</p><p dir=""ltr"">The thing is, these technologies also come with a few drawbacks. For one thing, excessive screen time can impact your mental and physical health and there's a growing concern over data privacy and security. Any information you enter online can potentially be used against you. Also, not everyone has equal access to these technologies. We've got a digital divide where some people have good access with all the benefits of that and some people don't. If we want to live a healthy digital life with fair and equal access to all, we need to find a way to balance these pros and cons.</p><p dir=""ltr"">Before you can get started online, there are several digital environments you need to know about, particularly operating systems, web browsers, and applications. Operating systems, such as Windows for PC or Android for smartphones, act as the backbone of our devices. They're like the foundation of a house, supporting and managing all the digital activities and software we run. Web browsers like Google Chrome, Safari, or Mozilla Firefox are one of the most important applications on our devices. They are our gateways to the internet. If you want to do anything online, you are definitely going to need to know how to use a web browser. Through the web browser, you can read the news, do online shopping or interact with other people via social networking. Every company, business, organization, or individual that has an online presence has a website and the web browser takes you directly to it.</p><p dir=""ltr"">Applications, or apps, are specialized tools tailored for specific functions. Many of them have real-world equivalents. In the past, we called these things programs. Then smartphones came along and everybody decided to change the word to application, and then everybody just started saying app. An example of a real-world equivalent would be a student who used to take notes in class with a pen and paper and now uses an app like Evernote or OneNote to make notes on their computer or phone. Artists who used to paint with acrylics on canvas now have a fast choice of image creation apps like Photoshop or Illustrator. The celebrated British artist David Hockney was one of the first to experiment with the iPad as a tool for art creation.</p><p dir=""ltr"">Then there are other apps that don't have any clear real-world equivalent, like instant messaging apps such as WhatsApp, Signal, or Telegram. These apps allow you to leave text messages for individuals or even entire groups. They even allow you to leave voice messages, make phone and video calls, take and send photos and videos. The range of services they offer is growing every day.</p>"
"components/a080f7b271a94f82947112718a66c196/title/","Text"
"components/a080f7b271a94f82947112718a66c196/body/","<h1><span><span style=""color:#ffffff""><span>{{_moduleNumber}}.0 Introduction to Digital Awareness.</span></span></span></h1>"
"components/a27f20451a384812b2f30f049fa3e777/title/","Transcript"
"components/a27f20451a384812b2f30f049fa3e777/_items/0/title/","Show transcript"
"components/a27f20451a384812b2f30f049fa3e777/_items/0/body/","<p dir=""ltr"">Online services can be broadly categorized into three main types: public, private, and community-based. Each category serves distinct purposes and caters to different user needs.</p><p dir=""ltr"">Public services include government websites and educational platforms. Government websites offer access to various administrative services, like filing taxes, applying for passports, or accessing public health information. Educational platforms are publicly accessible educational resources, including online courses from universities or information repositories from public libraries. Many public services are free to use, although you might need to create an account before you can use them.</p><p dir=""ltr"">The next category is private services, like e-commerce platforms, online banking, or subscription services. E-commerce platforms include sites like Amazon or eBay, where users can purchase goods online. Most banks now offer the majority of their services online, so that you can manage your account, pay bills, or transfer money to other accounts. Subscription services include streaming platforms like Netflix or software services like Adobe Creative Cloud. For a monthly fee, they provide you with access to their services. These can be for entertainment, like watching movies and TV shows, or for listening to music, or they can be work-related, like the apps that you need to perform your day-to-day job.</p><p dir=""ltr"">Finally, there are community-based services that include social media platforms and information repositories. Social media platforms are sites like Facebook or TikTok and they facilitate social networking and information sharing. Information repositories include platforms like Wikipedia, where users collaboratively create and edit content, or Project Gutenberg, which is a massive library of over 60,000 free books. Information repository platforms are usually free to join and depend on donations from supporters in order to keep running. Social media platforms normally make money by inserting advertisements in the middle of the content you are viewing. Some of them also offer a subscription service, where they will remove the adverts for a monthly fee.</p><p dir=""ltr"">Online platforms offer a lot of options, both paid and free. Whichever you choose, remember to familiarize yourself with how they work to ensure your digital experience is not only pleasant, but also secure.</p>"
"components/a44965ba85484fd08f9fe388d8e89c2b/title/","Text"
"components/a44965ba85484fd08f9fe388d8e89c2b/body/","<h1><span><span style=""color:#ffffff""><span>{{_moduleNumber}}.1 Merging the Analogue and Digital Worlds.</span></span></span></h1>"
"components/a52f51648d344fa6b30ee6c492ae7ce6/title/","Transcript"
"components/a52f51648d344fa6b30ee6c492ae7ce6/_items/0/title/","Show transcript"
"components/a52f51648d344fa6b30ee6c492ae7ce6/_items/0/body/","<p dir=""ltr"">When the internet first got going back in the 1990s, it wasn't very sophisticated. People called it the World Wide Web, and it was mostly text based. That's because connection speeds were so slow that it would take a really long time to load just one image. It's dialing up, all on its own. Great! Now– Watch what's on your screen. Forget about video.</p><p dir=""ltr"">All of that changed with Web 2.0. With faster internet connection speeds now available, the emphasis of Web 2.0 was on interactivity. Websites became more dynamic, and you could actually do things with them. They were no longer just static pages like digital books. They could change their content depending on the input you gave them. Amazon was one of the first companies to make use of Web 2.0 by offering a way for customers to buy things on their website and then have them delivered to their door. Companies like YouTube and Facebook sprang up, offering not only video and other content, but a way for people to interact with other users by leaving comments or starting online chats.</p><p dir=""ltr"">The Internet of Things, or IoT, takes digital connectivity a step further, extending it beyond traditional computing devices like computers and smartphones. IoT involves embedding everyday objects with technology that allows them to connect to the internet, enabling them to collect and exchange data. This integration turns ordinary items into smart devices, enhancing their functionality and our ability to interact with them. A practical example is a smart thermostat in a home that learns your schedule and adjusts temperatures accordingly. Or a security camera in your house that can send a direct feed to your smartphone if it detects movement when you're not at home. Probably it's the cat walking around, but maybe not.</p><p dir=""ltr"">By now, you should be starting to see how interaction between the analogue and digital worlds is increasingly seamless, enhancing our daily experiences. Traditionally, managing accounts or transferring money required physical visits to a bank. Nowadays, through digital banking platforms, these tasks are accomplished online. You can view account balances, transfer funds, or even apply for loans using your smartphone or computer. This merges the convenience of digital technology with traditional banking practices. Another example is education. This historically required physical presence in a classroom. Now, with the integration of digital technology, online education platforms have emerged. Students can attend lectures, participate in discussions, and submit assignments all through digital means, from the comfort of their homes, or wherever they are. This melding of analogue and digital experiences not only provides flexibility and convenience, but also expands access to opportunities beyond geographical constraints, so that people who were previously cut off from these tools and services can now have access to them.</p>"
"components/c578a024c8ef41a39eaf502d6b561000/body/","<p><span style=""color:#ffffff"">Scroll to begin<i class=""fa fa-arrow-circle-down""> </i></span></p>"
"components/cc40d0859afb4210894f694ac2ea89ef/body/","<p><span style=""color:#ffffff"">Scroll to begin<i class=""fa fa-arrow-circle-down""> </i></span></p>"
"components/d13742f95ca94fbb81878eae4f2e140a/body/","<p><span style=""color:#ffffff"">Scroll to begin<i class=""fa fa-arrow-circle-down""> </i></span></p>"
