"contentObjects/662fc73bfe12fd0286b67ac0/title/","{{_moduleNumber}}.0. Your Digital Life."
"contentObjects/662fc73bfe12fd0286b67ac0/displayTitle/","{{_moduleNumber}}.0. Your Digital Life."
"contentObjects/662fc73bfe12fd0286b67ac0/linkText/","View"
"contentObjects/662fc78bfe12fd0286b67ac3/title/","{{_moduleNumber}}.1. Managing your Digital Life."
"contentObjects/662fc78bfe12fd0286b67ac3/displayTitle/","{{_moduleNumber}}.1. Managing your Digital Life."
"contentObjects/662fc78bfe12fd0286b67ac3/linkText/","View"
"contentObjects/662fce361d18920250d45ab0/title/","{{_moduleNumber}}.2. When Things Go Wrong."
"contentObjects/662fce361d18920250d45ab0/displayTitle/","{{_moduleNumber}}.2. When Things Go Wrong."
"contentObjects/662fce361d18920250d45ab0/linkText/","View"
"contentObjects/6638a6d382e83e08f0c5a5da/title/","{{_moduleNumber}}.3. Don't Be a Victim."
"contentObjects/6638a6d382e83e08f0c5a5da/displayTitle/","{{_moduleNumber}}.3. Don't Be a Victim."
"contentObjects/6638a6d382e83e08f0c5a5da/linkText/","View"
