"blocks/662f6d4d2900dc00a7c0746a/title/","New Block Title"
"blocks/662f6db23aaf580083b2c815/title/","New Block Title"
"blocks/6630dbcdede884034d84fae5/title/","New Block Title"
"blocks/6630dc7f1baafd0375c689bb/title/","New Block Title"
"blocks/6630de5b1baafd0375c689be/title/","New Block Title"
"blocks/6630df383ca5f60361f4ba95/title/","New Block Title"
"blocks/6630e12584952803d455ef73/title/","New Block Title"
"blocks/6631f6107fd44803fbe86ff2/title/","New Block Title"
"blocks/6631f76b7fd44803fbe86ff4/title/","New Block Title"
"blocks/6631fcdcc3ed9704821e159f/title/","New Block Title"
"blocks/6631fdf47fd44803fbe86ff8/title/","New Block Title"
"blocks/6631feb860125403cc9d197e/title/","New Block Title"
"blocks/6631ff2484952803d455efb0/title/","New Block Title"
"blocks/6631fff260125403cc9d197f/title/","New Block Title"
"blocks/66320099c3ed9704821e15a0/title/","New Block Title"
"blocks/6632012860125403cc9d1980/title/","New Block Title"
"blocks/6632018a7fd44803fbe86ffc/title/","New Block Title"
"blocks/663201ed7fd44803fbe86ffd/title/","New Block Title"
"blocks/6632039a84952803d455efb3/title/","New Block Title"
"blocks/66320430bb711404eef89ace/title/","New Block Title"
"blocks/66320a26cf2d4204e16c70fa/title/","New Block Title"
"blocks/66320a7cc3ed9704821e15a4/title/","New Block Title"
"blocks/66320bd7c3ed9704821e15a6/title/","New Block Title"
"blocks/66320cd760125403cc9d1983/title/","New Block Title"
"blocks/66320de6c3ed9704821e15a8/title/","New Block Title"
"blocks/66320ed060125403cc9d1984/title/","New Block Title"
"blocks/66320fc0cf2d4204e16c70fc/title/","New Block Title"
"blocks/663210f460125403cc9d1986/title/","New Block Title"
"blocks/663211dfcf2d4204e16c70fe/title/","New Block Title"
"blocks/66321a27bb711404eef89ad2/title/","New Block Title"
"blocks/66321a90cf2d4204e16c70ff/title/","New Block Title"
"blocks/66321b84bb711404eef89ad3/title/","New Block Title"
"blocks/66321d32cf2d4204e16c7100/title/","New Block Title"
"blocks/66321dfcbb711404eef89ad6/title/","New Block Title"
"blocks/66321e8e640ad40496a30a1c/title/","New Block Title"
"blocks/66321f60c3ed9704821e15ab/title/","New Block Title"
"blocks/66321ff8640ad40496a30a1d/title/","New Block Title"
"blocks/663e1f47b83b1d012eb297dd/title/","New Block Title"
"blocks/663e23049a006900926f53a3/title/","New Block Title"
"blocks/66422021a500b304add644b4/title/","New Block Title"
"blocks/0a170e952bf64c43ae8637641fbe1f56/title/","New Block Title"
"blocks/46447f7fc0624f58ab2803a717bfd324/title/","New Block Title"
"blocks/63d92c36a87845adb1185afd6313614b/title/","New Block Title"
"blocks/6b6b2835032d402a997289f8942750dd/title/","Block title"
"blocks/7cf126f1da2841ab9b4570767ca9fcee/_trickle/_button/text/","Continue"
"blocks/7cf126f1da2841ab9b4570767ca9fcee/_trickle/_button/startText/","Begin"
"blocks/7cf126f1da2841ab9b4570767ca9fcee/_trickle/_button/finalText/","Finish"
"blocks/8956bd3737264cfba7da3329f6e76e58/_trickle/_button/text/","Continue"
"blocks/8956bd3737264cfba7da3329f6e76e58/_trickle/_button/startText/","Begin"
"blocks/8956bd3737264cfba7da3329f6e76e58/_trickle/_button/finalText/","Finish"
"blocks/98f3ab7cd43b48a5802d3f6ce2a41b99/_trickle/_button/text/","Continue"
"blocks/98f3ab7cd43b48a5802d3f6ce2a41b99/_trickle/_button/startText/","Begin"
"blocks/98f3ab7cd43b48a5802d3f6ce2a41b99/_trickle/_button/finalText/","Finish"
"blocks/af9a971a668041638bf1f75bb3135507/title/","Block title"
"blocks/dc17d73479024902a97da8eae6258c9f/title/","Block title"
"blocks/e48bfa7ceede4f1a825f299c48686b86/title/","Block title"
"blocks/e8b35da0725841479d7a1aafff02b3bb/title/","Block title"
"blocks/ed2795b77c8d45ffbc4d6a3bea9b5c5f/title/","New Block Title"
"blocks/fd4a2aae5d684925a0a3b45839848173/title/","Block title"
