"blocks/021c7ae34b764a9c94b278591be4b07f/title/","Question 2"
"blocks/127ce08614144f7d84c71a05d30980d5/title/","Question 7"
"blocks/20a416da63e140c18f5a284207b9e1bc/title/","Question 9"
"blocks/242b0c8814414aeb8f70494401e1af8a/title/","Question 8"
"blocks/26a1a961f901461180213028a24eeced/title/","Question 8"
"blocks/3c15d61fa01945779fb44159dcbc1abf/title/","New Block Title"
"blocks/41075716a2fe42d5b68161df8c5487f8/title/","Block title"
"blocks/4459ef14546b4349bb135fecdaa8f271/title/","Question 3"
"blocks/44bc0a09bc5d46c3840029fef8bdef30/title/","Question 5"
"blocks/519d5a3619bb43d6af1a58b2a4a7c81b/title/","Question 5"
"blocks/5b269e01c0e340ac82fa2482a235a3fc/title/","New Block Title"
"blocks/66452bde39bb4db4bc1b476c9fc2d07a/title/","Question 1"
"blocks/815a5fe081394cb8ad44c4b5f2ed855c/title/","Question 3"
"blocks/81cc7b5690b942498c6fb952c76374eb/title/","Block title"
"blocks/873d616c89894cf289dbcdaf894c7c3d/title/","Question 6"
"blocks/87c2959eefe2425bab5177a82ac317e7/title/","Question 10"
"blocks/8ecde5e05fac4c268be090baebdb8db8/title/","Block title"
"blocks/8ecde5e05fac4c268be090baebdb8db8/_trickle/_button/text/","Continue"
"blocks/8ecde5e05fac4c268be090baebdb8db8/_trickle/_button/startText/","Begin"
"blocks/8ecde5e05fac4c268be090baebdb8db8/_trickle/_button/finalText/","Finish"
"blocks/8fdef0f68127456ea93b0f4108e9fb4e/title/","Question 4"
"blocks/90db69c9cbc244c7a177a0625d2a80ae/title/","Question 9"
"blocks/c007d326ad9b4876b07b939c377f1de2/title/","Question 1"
"blocks/c7b5288afacd4b71b176cc85c4f6261a/title/","quick-nav"
"blocks/cb1ff37205d943d090ed79939a841f60/title/","Block title"
"blocks/cfa34501b3664cc1a090d257637647fb/title/","Question 4"
"blocks/dca204c4b85343c9890258203ce3fa97/title/","Block title"
"blocks/ef5d65b8d24541f4baecf31dedf16fe0/title/","Question 2"
"blocks/f12e805ae73a41819aaea8bf18d35cf1/title/","Block title"
"blocks/f88b599cc4aa4d238d6941f736d1a417/title/","Block title"
"blocks/f9f70c28e1124ca5a8ffe8e7551a0625/title/","Question 7"
"blocks/fb2ba3a3dc1943ef96a057388c965bec/title/","New Block Title"
"blocks/fbcca71fba124baabde1d6336aead09f/title/","Question 6"
