"blocks/021c7ae34b764a9c94b278591be4b07f/title/","Questão 2"
"blocks/127ce08614144f7d84c71a05d30980d5/title/","Questão 7"
"blocks/17baaff69c0a40a0919bb9df98dec11d/title/","Título do novo bloco"
"blocks/20a416da63e140c18f5a284207b9e1bc/title/","Questão 9"
"blocks/2320379b0dd64b5c8967a4350160c41d/title/","Título do novo bloco"
"blocks/242b0c8814414aeb8f70494401e1af8a/title/","Questão 8"
"blocks/26a1a961f901461180213028a24eeced/title/","Questão 8"
"blocks/281633df16324c24873b040fd2084737/title/","Título do novo bloco"
"blocks/2df12062aa734c35925959162752ea70/title/","Título do novo bloco"
"blocks/3c15d61fa01945779fb44159dcbc1abf/title/","Título do novo bloco"
"blocks/41075716a2fe42d5b68161df8c5487f8/title/","Título do bloco"
"blocks/4459ef14546b4349bb135fecdaa8f271/title/","Questão 3"
"blocks/44bc0a09bc5d46c3840029fef8bdef30/title/","Questão 5"
"blocks/519d5a3619bb43d6af1a58b2a4a7c81b/title/","Questão 5"
"blocks/5b269e01c0e340ac82fa2482a235a3fc/title/","Título do novo bloco"
"blocks/5d6b6be8ecd845c186c7dd80d8668b2e/title/","Título do novo bloco"
"blocks/5eaab8516424415ebf183938899a6819/title/","Título do novo bloco"
"blocks/65225e0e571047e5abf13524ead7795e/title/","Título do novo bloco"
"blocks/65fdf9dc66db475b8936937b3bf4658a/title/","Título do novo bloco"
"blocks/66452bde39bb4db4bc1b476c9fc2d07a/title/","Questão 1"
"blocks/6e33a1c4d4c0416597451b326bbbeaf5/title/","Título do bloco"
"blocks/6e33a1c4d4c0416597451b326bbbeaf5/_trickle/_button/text/","Continuar"
"blocks/6e33a1c4d4c0416597451b326bbbeaf5/_trickle/_button/startText/","Iniciar"
"blocks/6e33a1c4d4c0416597451b326bbbeaf5/_trickle/_button/finalText/","Terminar"
"blocks/815a5fe081394cb8ad44c4b5f2ed855c/title/","Questão 3"
"blocks/81cc7b5690b942498c6fb952c76374eb/title/","Título do bloco"
"blocks/84817b50fbd14a7285a8c63fd0ca6def/title/","Título do novo bloco"
"blocks/873d616c89894cf289dbcdaf894c7c3d/title/","Questão 6"
"blocks/87c2959eefe2425bab5177a82ac317e7/title/","Questão 10"
"blocks/8ecde5e05fac4c268be090baebdb8db8/title/","Título do bloco"
"blocks/8ecde5e05fac4c268be090baebdb8db8/_trickle/_button/text/","Continuar"
"blocks/8ecde5e05fac4c268be090baebdb8db8/_trickle/_button/startText/","Iniciar"
"blocks/8ecde5e05fac4c268be090baebdb8db8/_trickle/_button/finalText/","Terminar"
"blocks/8fdef0f68127456ea93b0f4108e9fb4e/title/","Questão 4"
"blocks/90db69c9cbc244c7a177a0625d2a80ae/title/","Questão 9"
"blocks/98c223144a694fae84f800dd250554d8/title/","Título do novo bloco"
"blocks/9a396f61cfb146e8904704de778ea133/title/","Título do novo bloco"
"blocks/a1baba1142ae401e932102e332cce4f3/title/","Título do novo bloco"
"blocks/b881334c00c24a04817e49cd73029c2f/title/","Título do novo bloco"
"blocks/bb227aec5f204c34bf4fec6336ade63e/title/","Título do novo bloco"
"blocks/bbc7eb3a83f5438a8127e3ee91b3a65e/title/","Título do novo bloco"
"blocks/be75a4f73a234898a3e082803b9f52f3/title/","Título do novo bloco"
"blocks/c007d326ad9b4876b07b939c377f1de2/title/","Questão 1"
"blocks/c1816d4a07cd4f6aab757688c63409ac/title/","Título do novo bloco"
"blocks/c7b5288afacd4b71b176cc85c4f6261a/title/","nav-rápida"
"blocks/cb1ff37205d943d090ed79939a841f60/title/","Título do bloco"
"blocks/cfa34501b3664cc1a090d257637647fb/title/","Questão 4"
"blocks/dca204c4b85343c9890258203ce3fa97/title/","Título do bloco"
"blocks/df8868827bc84ceebbb8b4b6dc8ca88b/title/","Título do novo bloco"
"blocks/e3fb18f4db4e41229e0a5805b9bc150d/title/","Título do novo bloco"
"blocks/e7b7f1aa2e224dcda8bbe62676f9d9d3/title/","Título do novo bloco"
"blocks/eb87791234bb464793997093be232ac6/title/","Título do novo bloco"
"blocks/ef5d65b8d24541f4baecf31dedf16fe0/title/","Questão 2"
"blocks/f12e805ae73a41819aaea8bf18d35cf1/title/","Título do bloco"
"blocks/f88b599cc4aa4d238d6941f736d1a417/title/","Título do bloco"
"blocks/f9f70c28e1124ca5a8ffe8e7551a0625/title/","Questão 7"
"blocks/fb2ba3a3dc1943ef96a057388c965bec/title/","Título do novo bloco"
"blocks/fbcca71fba124baabde1d6336aead09f/title/","Questão 6"
