"components/66477f4a307a3406f2360a6f/title/","Questão"
"components/66477f4a307a3406f2360a6f/displayTitle/","Questão"
"components/66477f4a307a3406f2360a6f/body/","<p>Windows e Android são exemplos de quê?</p>"
"components/66477f4a307a3406f2360a6f/_items/0/text/","Sistemas operacionais"
"components/66477f4a307a3406f2360a6f/_items/1/text/","Navegadores"
"components/66477f4a307a3406f2360a6f/_items/2/text/","Ambientes digitais"
"components/66477f4a307a3406f2360a6f/_items/3/text/","Ferramentas especiais"
"components/66477ffe9a57a20762b44463/title/","Título do novo componente"
"components/66477ffe9a57a20762b44463/_html/","<h2>Avaliação final.</h2><strong> Parabéns por chegar até aqui. Você está quase no fim do primeiro curso.</strong>

<p>Depois de fazer a avaliação final, você estará pronto para ir para o segundo curso.</p>"
"components/664780d5dd4699068be08824/title/","Questão"
"components/664780d5dd4699068be08824/displayTitle/","Questão"
"components/664780d5dd4699068be08824/body/","<p>Quem foi o primeiro a utilizar a Web 2.0?</p>"
"components/664780d5dd4699068be08824/_items/0/text/","Amazon"
"components/664780d5dd4699068be08824/_items/1/text/","YouTube"
"components/664780d5dd4699068be08824/_items/2/text/","Facebook"
"components/664780d5dd4699068be08824/_items/3/text/","Instagram"
"components/6647814264b7ce079a1833db/title/","Questão"
"components/6647814264b7ce079a1833db/displayTitle/","Questão"
"components/6647814264b7ce079a1833db/body/","<p>O que é o Project Gutenberg?</p>"
"components/6647814264b7ce079a1833db/_items/0/text/","Uma imensa biblioteca de livros gratuitos"
"components/6647814264b7ce079a1833db/_items/1/text/","Um serviço por assinatura"
"components/6647814264b7ce079a1833db/_items/2/text/","Uma plataforma educativa"
"components/6647814264b7ce079a1833db/_items/3/text/","Um site do governo"
"components/664781be64b7ce079a1833dd/title/","Questão"
"components/664781be64b7ce079a1833dd/displayTitle/","Questão"
"components/664781be64b7ce079a1833dd/body/","<p>Onde você pode encontrar ícones como data e hora, navegador, estado da bateria ou conexão de rede?</p>"
"components/664781be64b7ce079a1833dd/_items/0/text/","Na barra de tarefas"
"components/664781be64b7ce079a1833dd/_items/1/text/","Em seu espaço de armazenamento"
"components/664781be64b7ce079a1833dd/_items/2/text/","Nas configurações avançadas"
"components/664781be64b7ce079a1833dd/_items/3/text/","Na interface do sistema"
"components/66478238307a3406f2360a74/title/","Questão"
"components/66478238307a3406f2360a74/displayTitle/","Questão"
"components/66478238307a3406f2360a74/body/","<p>Que tipo de senha não é digitada?</p>"
"components/66478238307a3406f2360a74/_items/0/text/","Biométrica"
"components/66478238307a3406f2360a74/_items/1/text/","Gerada pelo sistema"
"components/66478238307a3406f2360a74/_items/2/text/","Baseada em padrões"
"components/66478238307a3406f2360a74/_items/3/text/","Alfanumérica"
"components/66478244dd4699068be08825/title/","Questão"
"components/66478244dd4699068be08825/displayTitle/","Questão"
"components/66478244dd4699068be08825/body/","<p>Como você pode renomear uma pasta que já existe?</p>"
"components/66478244dd4699068be08825/_items/0/text/","Clicando com o botão direito na pasta e selecionando ""renomear"" na lista de opções"
"components/66478244dd4699068be08825/_items/1/text/","Dando dois cliques na pasta e selecionando ""renomear"" na lista de opções"
"components/66478244dd4699068be08825/_items/2/text/","Arrastando e soltando a pasta"
"components/66478244dd4699068be08825/_items/3/text/","Clicando com o botão esquerdo na pasta e selecionando ""renomear"" na lista de opções"
"components/6647825064b7ce079a1833de/title/","Questão"
"components/6647825064b7ce079a1833de/displayTitle/","Questão"
"components/6647825064b7ce079a1833de/body/","<p>O que significa um resultado quando você aceita baixar algo ao entrar num site pela primeira vez?</p>"
"components/6647825064b7ce079a1833de/_items/0/text/","Resultados perigosos"
"components/6647825064b7ce079a1833de/_items/1/text/","Resultados irrelevantes"
"components/6647825064b7ce079a1833de/_items/2/text/","Resultados atualizados"
"components/6647825064b7ce079a1833de/_items/3/text/","Os melhores resultados"
"components/6647825c64b7ce079a1833e0/title/","Questão"
"components/6647825c64b7ce079a1833e0/displayTitle/","Questão"
"components/6647825c64b7ce079a1833e0/body/","<p>Qual é a forma mais rápida de voltar à página anterior online?</p>"
"components/6647825c64b7ce079a1833e0/_items/0/text/","Clicando no botão de voltar"
"components/6647825c64b7ce079a1833e0/_items/1/text/","Clicando no botão de avançar"
"components/6647825c64b7ce079a1833e0/_items/2/text/","Abrindo a página de novo"
"components/6647825c64b7ce079a1833e0/_items/3/text/","Pelo histórico de navegação"
"components/664784a8dd4699068be08827/title/","Questão"
"components/664784a8dd4699068be08827/displayTitle/","Questão"
"components/664784a8dd4699068be08827/body/","<p>Quem usa os cookies para monitorar os sites que você visita?</p>"
"components/664784a8dd4699068be08827/_items/0/text/","Os comerciantes"
"components/664784a8dd4699068be08827/_items/1/text/","Os compradores"
"components/664784a8dd4699068be08827/_items/2/text/","Os navegadores"
"components/664784a8dd4699068be08827/_items/3/text/","Os usuários"
"components/664784b1dd4699068be08829/title/","Questão"
"components/664784b1dd4699068be08829/displayTitle/","Questão"
"components/664784b1dd4699068be08829/body/","<p>Por que você deve tomar cuidado com as coisas que publica online?</p>"
"components/664784b1dd4699068be08829/_items/0/text/","Porque assim que algo está na Internet, vai estar lá para sempre"
"components/664784b1dd4699068be08829/_items/1/text/","Porque a Internet apaga as publicações depois de um tempo"
"components/664784b1dd4699068be08829/_items/2/text/","Porque suas publicações não podem ser editadas facilmente"
"components/664784b1dd4699068be08829/_items/3/text/","Porque você poderá saber quem pode ver suas publicações"
"components/664784bcdd4699068be0882b/title/","Questão"
"components/664784bcdd4699068be0882b/displayTitle/","Questão"
"components/664784bcdd4699068be0882b/body/","<p>O que você deve lembrar sempre ao se comunicar online?</p>"
"components/664784bcdd4699068be0882b/_items/0/text/","Que há uma pessoa de verdade no outro lado da tela"
"components/664784bcdd4699068be0882b/_items/1/text/","Que a Internet é um espaço casual"
"components/664784bcdd4699068be0882b/_items/2/text/","Que você está anônimo"
"components/664784bcdd4699068be0882b/_items/3/text/","Que as boas maneiras só são necessárias na comunicação cara a cara"
"components/664784c79a57a20762b44464/title/","Questão"
"components/664784c79a57a20762b44464/displayTitle/","Questão"
"components/664784c79a57a20762b44464/body/","<p>Ao que levou o aumento no poder computacional dos dispositivos eletrônicos?</p>"
"components/664784c79a57a20762b44464/_items/0/text/","Um maior consumo de energia para realizar suas operações"
"components/664784c79a57a20762b44464/_items/1/text/","Uma redução no consumo de energia"
"components/664784c79a57a20762b44464/_items/2/text/","Menos demanda por recursos"
"components/664784c79a57a20762b44464/_items/3/text/","Uma menor necessidade de geração de energia"
"components/664784d2307a3406f2360a77/title/","Questão"
"components/664784d2307a3406f2360a77/displayTitle/","Questão"
"components/664784d2307a3406f2360a77/body/","<p>O que é uma pegada digital?</p>"
"components/664784d2307a3406f2360a77/_items/0/text/","Um rastro de informações deixado por suas atividades online"
"components/664784d2307a3406f2360a77/_items/1/text/","Um tipo de dispositivo digital"
"components/664784d2307a3406f2360a77/_items/2/text/","Uma medida do consumo de energia de um dispositivo"
"components/664784d2307a3406f2360a77/_items/3/text/","Uma ferramenta para criar senhas fortes"
"components/6647877edd4699068be0882e/title/","Questão"
"components/6647877edd4699068be0882e/displayTitle/","Questão"
"components/6647877edd4699068be0882e/body/","<p>O que pode influenciar os anúncios que você vê online?</p>"
"components/6647877edd4699068be0882e/_items/0/text/","Sua persona digital"
"components/6647877edd4699068be0882e/_items/1/text/","Seus comentários em blogs"
"components/6647877edd4699068be0882e/_items/2/text/","Seu sucesso com os videogames"
"components/6647877edd4699068be0882e/_items/3/text/","Sua reputação"
"components/6647878b307a3406f2360a78/title/","Questão"
"components/6647878b307a3406f2360a78/displayTitle/","Questão"
"components/6647878b307a3406f2360a78/body/","<p>O que influencia os tipos de produtos e ofertas que são anunciadas para você?</p>"
"components/6647878b307a3406f2360a78/_items/0/text/","Sua persona de consumidor"
"components/6647878b307a3406f2360a78/_items/1/text/","Sua persona social"
"components/6647878b307a3406f2360a78/_items/2/text/","Seu perfil profissional"
"components/6647878b307a3406f2360a78/_items/3/text/","Suas habilidades de navegação"
"components/66478794307a3406f2360a7a/title/","Questão"
"components/66478794307a3406f2360a7a/displayTitle/","Questão"
"components/66478794307a3406f2360a7a/body/","<p>O que é essencial antes de publicarmos comentários online?</p>"
"components/66478794307a3406f2360a7a/_items/0/text/","Reconhecer o impacto de nossas palavras"
"components/66478794307a3406f2360a7a/_items/1/text/","Explorar nosso estado emocional atual"
"components/66478794307a3406f2360a7a/_items/2/text/","Entender o ponto de vista do escritor"
"components/66478794307a3406f2360a7a/_items/3/text/","Refletir sobre os ataques de outras pessoas"
"components/6647879f307a3406f2360a7c/title/","Questão"
"components/6647879f307a3406f2360a7c/displayTitle/","Questão"
"components/6647879f307a3406f2360a7c/body/","<p>Espalhar boatos e mentiras sobre alguém online é um exemplo de quê?</p>"
"components/6647879f307a3406f2360a7c/_items/0/text/","Cyberbullying"
"components/6647879f307a3406f2360a7c/_items/1/text/","Golpes"
"components/6647879f307a3406f2360a7c/_items/2/text/","Pirataria"
"components/6647879f307a3406f2360a7c/_items/3/text/","Phishing"
"components/664787aa64b7ce079a1833e1/title/","Questão"
"components/664787aa64b7ce079a1833e1/displayTitle/","Questão"
"components/664787aa64b7ce079a1833e1/body/","<p>O que você deve fazer se esquecer sua senha para um serviço?</p>"
"components/664787aa64b7ce079a1833e1/_items/0/text/","Clicar no link de ""Esqueci minha senha"" na página de autenticação"
"components/664787aa64b7ce079a1833e1/_items/1/text/","Reiniciar seu dispositivo"
"components/664787aa64b7ce079a1833e1/_items/2/text/","Reiniciar o aplicativo"
"components/664787aa64b7ce079a1833e1/_items/3/text/","Liberar espaço de armazenamento"
"components/664787b59a57a20762b44466/title/","Questão"
"components/664787b59a57a20762b44466/displayTitle/","Questão"
"components/664787b59a57a20762b44466/body/","<p>Qual seria uma solução para melhorar o desempenho de um dispositivo lento?</p>"
"components/664787b59a57a20762b44466/_items/0/text/","Liberar espaço de armazenamento"
"components/664787b59a57a20762b44466/_items/1/text/","Desativar o Wi-Fi"
"components/664787b59a57a20762b44466/_items/2/text/","Ligar o modo escuro"
"components/664787b59a57a20762b44466/_items/3/text/","Retirar da tomada"
"components/664787c8dd4699068be08830/title/","Questão"
"components/664787c8dd4699068be08830/displayTitle/","Questão"
"components/664787c8dd4699068be08830/body/","<p>Qual é a vantagem principal de usar as plataformas de aprendizagem online?</p>"
"components/664787c8dd4699068be08830/_items/0/text/","Elas oferecem aprendizagem flexível e agradável"
"components/664787c8dd4699068be08830/_items/1/text/","Você não precisa de conexão com a Internet"
"components/664787c8dd4699068be08830/_items/2/text/","Elas só oferecem aulas com professores"
"components/664787c8dd4699068be08830/_items/3/text/","Você não precisa criar uma conta"
"components/0e9f3117969e4db08dc3729e3a50824c/_buttons/_previous/text/","Anterior"
"components/0e9f3117969e4db08dc3729e3a50824c/_buttons/_previous/ariaLabel/","Página anterior"
"components/0e9f3117969e4db08dc3729e3a50824c/_buttons/_previous/tooltip/","{{displayTitle}}"
"components/0e9f3117969e4db08dc3729e3a50824c/_buttons/_root/text/","Início"
"components/0e9f3117969e4db08dc3729e3a50824c/_buttons/_root/ariaLabel/","Início"
"components/0e9f3117969e4db08dc3729e3a50824c/_buttons/_root/tooltip/","{{displayTitle}}"
"components/0e9f3117969e4db08dc3729e3a50824c/_buttons/_up/text/","Voltar ao menu"
"components/0e9f3117969e4db08dc3729e3a50824c/_buttons/_up/ariaLabel/","Voltar ao menu"
"components/0e9f3117969e4db08dc3729e3a50824c/_buttons/_up/tooltip/","{{displayTitle}}"
"components/0e9f3117969e4db08dc3729e3a50824c/_buttons/_next/text/","Seguinte"
"components/0e9f3117969e4db08dc3729e3a50824c/_buttons/_next/ariaLabel/","Página seguinte"
"components/0e9f3117969e4db08dc3729e3a50824c/_buttons/_next/tooltip/","{{displayTitle}}"
"components/0e9f3117969e4db08dc3729e3a50824c/_buttons/_sibling/text/","{{inc index}}"
"components/0e9f3117969e4db08dc3729e3a50824c/_buttons/_sibling/ariaLabel/","Página {{inc index}}"
"components/0e9f3117969e4db08dc3729e3a50824c/_buttons/_sibling/tooltip/","{{displayTitle}}"
"components/0e9f3117969e4db08dc3729e3a50824c/_buttons/_close/text/","Fechar"
"components/0e9f3117969e4db08dc3729e3a50824c/_buttons/_close/ariaLabel/","Fechar janela"
"components/0e9f3117969e4db08dc3729e3a50824c/_buttons/_close/tooltip/","Fechar janela"
"components/22625ad7e7424bd39326a6baa6d1beb5/title/","Questão 9"
"components/22625ad7e7424bd39326a6baa6d1beb5/displayTitle/","Questão 9"
"components/22625ad7e7424bd39326a6baa6d1beb5/body/","<p>O que poderia ser melhorado na Habilidades para Todos? (selecione uma opção)</p>"
"components/22625ad7e7424bd39326a6baa6d1beb5/_items/0/text/","Nada - tudo foi ótimo!"
"components/22625ad7e7424bd39326a6baa6d1beb5/_items/1/text/","Os tipos de cursos oferecidos"
"components/22625ad7e7424bd39326a6baa6d1beb5/_items/2/text/","O conteúdo do curso"
"components/22625ad7e7424bd39326a6baa6d1beb5/_items/3/text/","As atividades do curso"
"components/22625ad7e7424bd39326a6baa6d1beb5/_items/4/text/","A organização"
"components/22625ad7e7424bd39326a6baa6d1beb5/_items/5/text/","A facilidade de uso"
"components/22625ad7e7424bd39326a6baa6d1beb5/_items/6/text/","A experiência para celular"
"components/22625ad7e7424bd39326a6baa6d1beb5/_items/7/text/","O desempenho"
"components/22625ad7e7424bd39326a6baa6d1beb5/_items/8/text/","A tradução"
"components/22625ad7e7424bd39326a6baa6d1beb5/_feedback/correct/","<p>Agradecemos sua opinião!</p>"
"components/22625ad7e7424bd39326a6baa6d1beb5/_feedback/_incorrect/final/","<p>Agradecemos sua opinião!</p>"
"components/22625ad7e7424bd39326a6baa6d1beb5/_feedback/_incorrect/notFinal/","<p>Agradecemos sua opinião!</p>"
"components/22625ad7e7424bd39326a6baa6d1beb5/_feedback/_partlyCorrect/final/","<p>Agradecemos sua opinião!</p>"
"components/22625ad7e7424bd39326a6baa6d1beb5/_feedback/_partlyCorrect/notFinal/","<p>Agradecemos sua opinião!</p>"
"components/23b9c986df8348c394b74996c9f91ab6/title/","Questão 7"
"components/23b9c986df8348c394b74996c9f91ab6/displayTitle/","Questão 7"
"components/23b9c986df8348c394b74996c9f91ab6/placeholder/","Selecione"
"components/23b9c986df8348c394b74996c9f91ab6/body/","O quanto esse curso ajudou você a:"
"components/23b9c986df8348c394b74996c9f91ab6/questionTitle/","Declarações"
"components/23b9c986df8348c394b74996c9f91ab6/optionTitle/","Categorias"
"components/23b9c986df8348c394b74996c9f91ab6/_items/0/text/","Aprender habilidades que poderiam ser usadas em seu emprego atual ou futuro"
"components/23b9c986df8348c394b74996c9f91ab6/_items/0/_options/0/text/","Incrivelmente muito"
"components/23b9c986df8348c394b74996c9f91ab6/_items/0/_options/1/text/","Muito"
"components/23b9c986df8348c394b74996c9f91ab6/_items/0/_options/2/text/","Mais ou menos"
"components/23b9c986df8348c394b74996c9f91ab6/_items/0/_options/3/text/","Um pouco"
"components/23b9c986df8348c394b74996c9f91ab6/_items/0/_options/4/text/","Nem um pouco"
"components/23b9c986df8348c394b74996c9f91ab6/_items/0/_options/5/text/","Não sei/não aplicável"
"components/23b9c986df8348c394b74996c9f91ab6/_items/1/text/","Aumentar seu valor no mercado de trabalho"
"components/23b9c986df8348c394b74996c9f91ab6/_items/1/_options/0/text/","Incrivelmente muito"
"components/23b9c986df8348c394b74996c9f91ab6/_items/1/_options/1/text/","Muito"
"components/23b9c986df8348c394b74996c9f91ab6/_items/1/_options/2/text/","Mais ou menos"
"components/23b9c986df8348c394b74996c9f91ab6/_items/1/_options/3/text/","Um pouco"
"components/23b9c986df8348c394b74996c9f91ab6/_items/1/_options/4/text/","Nem um pouco"
"components/23b9c986df8348c394b74996c9f91ab6/_items/1/_options/5/text/","Não sei/não aplicável"
"components/23b9c986df8348c394b74996c9f91ab6/_items/2/text/","Ganhar um novo emprego ou avançar em seu emprego atual"
"components/23b9c986df8348c394b74996c9f91ab6/_items/2/_options/0/text/","Incrivelmente muito"
"components/23b9c986df8348c394b74996c9f91ab6/_items/2/_options/1/text/","Muito"
"components/23b9c986df8348c394b74996c9f91ab6/_items/2/_options/2/text/","Mais ou menos"
"components/23b9c986df8348c394b74996c9f91ab6/_items/2/_options/3/text/","Um pouco"
"components/23b9c986df8348c394b74996c9f91ab6/_items/2/_options/4/text/","Nem um pouco"
"components/23b9c986df8348c394b74996c9f91ab6/_items/2/_options/5/text/","Não sei/não aplicável"
"components/23b9c986df8348c394b74996c9f91ab6/_items/3/text/","Melhorar sua educação"
"components/23b9c986df8348c394b74996c9f91ab6/_items/3/_options/0/text/","Incrivelmente muito"
"components/23b9c986df8348c394b74996c9f91ab6/_items/3/_options/1/text/","Muito"
"components/23b9c986df8348c394b74996c9f91ab6/_items/3/_options/2/text/","Mais ou menos"
"components/23b9c986df8348c394b74996c9f91ab6/_items/3/_options/3/text/","Um pouco"
"components/23b9c986df8348c394b74996c9f91ab6/_items/3/_options/4/text/","Nem um pouco"
"components/23b9c986df8348c394b74996c9f91ab6/_items/3/_options/5/text/","Não sei/não aplicável"
"components/23b9c986df8348c394b74996c9f91ab6/_feedback/correct/","Resposta correta!"
"components/23b9c986df8348c394b74996c9f91ab6/_feedback/_incorrect/final/","Resposta incorreta!"
"components/23b9c986df8348c394b74996c9f91ab6/_feedback/_partlyCorrect/final/","Resposta parcialmente correta!"
"components/23b9c986df8348c394b74996c9f91ab6/_buttons/_submit/buttonText/","Enviar"
"components/23b9c986df8348c394b74996c9f91ab6/_buttons/_submit/ariaLabel/","Toque aqui para enviar sua resposta."
"components/23b9c986df8348c394b74996c9f91ab6/_buttons/_reset/buttonText/","Reiniciar"
"components/23b9c986df8348c394b74996c9f91ab6/_buttons/_showCorrectAnswer/buttonText/","Resposta correta"
"components/23b9c986df8348c394b74996c9f91ab6/_buttons/_hideCorrectAnswer/buttonText/","Minha resposta"
"components/23b9c986df8348c394b74996c9f91ab6/_buttons/_showFeedback/buttonText/","Ver resposta"
"components/23b9c986df8348c394b74996c9f91ab6/_buttons/remainingAttemptsText/","tentativas restantes"
"components/23b9c986df8348c394b74996c9f91ab6/_buttons/remainingAttemptText/","tentativa final"
"components/23f8fe6569ec407aad68610dbe536fff/title/","Questão 7"
"components/23f8fe6569ec407aad68610dbe536fff/displayTitle/","Questão 7"
"components/23f8fe6569ec407aad68610dbe536fff/body/","<p>Ao pensar na seguinte declaração, selecione a resposta que melhor se alinha com seus sentimentos- Completar o curso valeu o tempo e esforço que eu investi:</p>"
"components/23f8fe6569ec407aad68610dbe536fff/_items/0/text/","Concordo muito"
"components/23f8fe6569ec407aad68610dbe536fff/_items/1/text/","Concordo"
"components/23f8fe6569ec407aad68610dbe536fff/_items/2/text/","Concordo mais ou menos"
"components/23f8fe6569ec407aad68610dbe536fff/_items/3/text/","Discordo"
"components/23f8fe6569ec407aad68610dbe536fff/_items/4/text/","Discordo muito"
"components/2a717d507026428fa93f6b2244455baa/title/","Questão 1"
"components/2a717d507026428fa93f6b2244455baa/displayTitle/","Questão 1"
"components/2a717d507026428fa93f6b2244455baa/body/","<p>Quais das seguintes descrições melhor caracteriza você?</p>"
"components/2a717d507026428fa93f6b2244455baa/_items/0/text/","Aluno de uma escola técnica"
"components/2a717d507026428fa93f6b2244455baa/_items/1/text/","Aluno de uma escola não técnica"
"components/2a717d507026428fa93f6b2244455baa/_items/2/text/","Instrutor/professor"
"components/2a717d507026428fa93f6b2244455baa/_items/3/text/","Profissional de rede/TI"
"components/2a717d507026428fa93f6b2244455baa/_items/4/text/","Profissional de rede/TI iniciante"
"components/2a717d507026428fa93f6b2244455baa/_items/5/text/","Profissional que não é de rede/TI"
"components/2a717d507026428fa93f6b2244455baa/_items/6/text/","Nenhuma das respostas acima"
"components/36fd298098e54aac8fbc611848b101ba/title/","Prova final"
"components/36fd298098e54aac8fbc611848b101ba/body/","<h2 style=""text-align: center;"">Você completou o Primeiro Curso de Alfabetização Digital. PARABÉNS!</h2>

<h2 style=""text-align: center;"">Continue essa série de cursos de Alfabetização Digital passando para o segundo curso.</h2>"
"components/383d1e941447493b89b42eecc55b4f55/title/","Texto"
"components/383d1e941447493b89b42eecc55b4f55/body/","<h1><span><span style=""color:#ffffff""><span>Pesquisa de fim de curso</span></span></span></h1>"
"components/3a20f14bd5714acbafaf4dd9d890f031/body/","<p>Deslize para iniciar<i class=""fa fa-arrow-circle-down""> </i></p>"
"components/47a69d005473494783a6188bc7f72c3d/_buttons/_previous/text/","Anterior"
"components/47a69d005473494783a6188bc7f72c3d/_buttons/_previous/ariaLabel/","Página anterior"
"components/47a69d005473494783a6188bc7f72c3d/_buttons/_previous/tooltip/","{{displayTitle}}"
"components/47a69d005473494783a6188bc7f72c3d/_buttons/_root/text/","Início"
"components/47a69d005473494783a6188bc7f72c3d/_buttons/_root/ariaLabel/","Início"
"components/47a69d005473494783a6188bc7f72c3d/_buttons/_root/tooltip/","{{displayTitle}}"
"components/47a69d005473494783a6188bc7f72c3d/_buttons/_up/text/","Voltar ao menu"
"components/47a69d005473494783a6188bc7f72c3d/_buttons/_up/ariaLabel/","Voltar ao menu"
"components/47a69d005473494783a6188bc7f72c3d/_buttons/_up/tooltip/","{{displayTitle}}"
"components/47a69d005473494783a6188bc7f72c3d/_buttons/_next/text/","Seguinte"
"components/47a69d005473494783a6188bc7f72c3d/_buttons/_next/ariaLabel/","Página seguinte"
"components/47a69d005473494783a6188bc7f72c3d/_buttons/_next/tooltip/","{{displayTitle}}"
"components/47a69d005473494783a6188bc7f72c3d/_buttons/_sibling/text/","{{inc index}}"
"components/47a69d005473494783a6188bc7f72c3d/_buttons/_sibling/ariaLabel/","Página {{inc index}}"
"components/47a69d005473494783a6188bc7f72c3d/_buttons/_sibling/tooltip/","{{displayTitle}}"
"components/47a69d005473494783a6188bc7f72c3d/_buttons/_close/text/","Fechar"
"components/47a69d005473494783a6188bc7f72c3d/_buttons/_close/ariaLabel/","Fechar janela"
"components/47a69d005473494783a6188bc7f72c3d/_buttons/_close/tooltip/","Fechar janela"
"components/5b877ace2f4b4ea3bd92e655142b9823/title/","Questão 10"
"components/5b877ace2f4b4ea3bd92e655142b9823/displayTitle/","Questão 10"
"components/5b877ace2f4b4ea3bd92e655142b9823/body/","<p>O que poderia ser melhorado na Habilidades para Todos? (selecione uma opção)</p>"
"components/5b877ace2f4b4ea3bd92e655142b9823/_items/0/text/","Nada - tudo foi ótimo!"
"components/5b877ace2f4b4ea3bd92e655142b9823/_items/1/text/","Os tipos de cursos oferecidos"
"components/5b877ace2f4b4ea3bd92e655142b9823/_items/2/text/","O conteúdo do curso"
"components/5b877ace2f4b4ea3bd92e655142b9823/_items/3/text/","As atividades do curso"
"components/5b877ace2f4b4ea3bd92e655142b9823/_items/4/text/","A organização"
"components/5b877ace2f4b4ea3bd92e655142b9823/_items/5/text/","A facilidade de uso"
"components/5b877ace2f4b4ea3bd92e655142b9823/_items/6/text/","A experiência para celular"
"components/5b877ace2f4b4ea3bd92e655142b9823/_items/7/text/","O desempenho"
"components/5b877ace2f4b4ea3bd92e655142b9823/_items/8/text/","A tradução"
"components/5b877ace2f4b4ea3bd92e655142b9823/_feedback/correct/","<p>Agradecemos sua opinião!</p>"
"components/5b877ace2f4b4ea3bd92e655142b9823/_feedback/_incorrect/final/","<p>Agradecemos sua opinião!</p>"
"components/5b877ace2f4b4ea3bd92e655142b9823/_feedback/_incorrect/notFinal/","<p>Agradecemos sua opinião!</p>"
"components/5b877ace2f4b4ea3bd92e655142b9823/_feedback/_partlyCorrect/final/","<p>Agradecemos sua opinião!</p>"
"components/5b877ace2f4b4ea3bd92e655142b9823/_feedback/_partlyCorrect/notFinal/","<p>Agradecemos sua opinião!</p>"
"components/5e797f8868e84cacba57d47f1a7d162f/title/","Questão 5"
"components/5e797f8868e84cacba57d47f1a7d162f/displayTitle/","Questão 5"
"components/5e797f8868e84cacba57d47f1a7d162f/body/","<p>Por favor, avalie sua motivação para passar nesse curso:</p>"
"components/5e797f8868e84cacba57d47f1a7d162f/_items/0/text/","Nem um pouco motivado"
"components/5e797f8868e84cacba57d47f1a7d162f/_items/1/text/","Um pouco motivado"
"components/5e797f8868e84cacba57d47f1a7d162f/_items/2/text/","Motivado"
"components/5e797f8868e84cacba57d47f1a7d162f/_items/3/text/","Muito motivado "
"components/5e797f8868e84cacba57d47f1a7d162f/_items/4/text/","Incrivelmente motivado "
"components/62034ca51c7c4ea8ab5bc9eddf55df12/title/","Questão 4"
"components/62034ca51c7c4ea8ab5bc9eddf55df12/displayTitle/","Questão 4"
"components/62034ca51c7c4ea8ab5bc9eddf55df12/body/","<p>Por favor, avalie sua satisfação geral com seu professor:</p>"
"components/62034ca51c7c4ea8ab5bc9eddf55df12/_items/0/text/","Muito insatisfeito"
"components/62034ca51c7c4ea8ab5bc9eddf55df12/_items/1/text/","Insatisfeito"
"components/62034ca51c7c4ea8ab5bc9eddf55df12/_items/2/text/","Neutro"
"components/62034ca51c7c4ea8ab5bc9eddf55df12/_items/3/text/","Satisfeito"
"components/62034ca51c7c4ea8ab5bc9eddf55df12/_items/4/text/","Muito satisfeito"
"components/62034ca51c7c4ea8ab5bc9eddf55df12/_items/5/text/","Não aplicável"
"components/6251032173ef488fa01ca44797cb55b7/title/","Questão 8"
"components/6251032173ef488fa01ca44797cb55b7/displayTitle/","Questão 8"
"components/6251032173ef488fa01ca44797cb55b7/placeholder/","Selecione"
"components/6251032173ef488fa01ca44797cb55b7/body/","O quanto esse curso ajudou você a:"
"components/6251032173ef488fa01ca44797cb55b7/questionTitle/","Declarações"
"components/6251032173ef488fa01ca44797cb55b7/optionTitle/","Categorias"
"components/6251032173ef488fa01ca44797cb55b7/_items/0/text/","Aprender habilidades que poderiam ser usadas em seu emprego atual ou futuro"
"components/6251032173ef488fa01ca44797cb55b7/_items/0/_options/0/text/","Incrivelmente muito"
"components/6251032173ef488fa01ca44797cb55b7/_items/0/_options/1/text/","Muito"
"components/6251032173ef488fa01ca44797cb55b7/_items/0/_options/2/text/","Mais ou menos"
"components/6251032173ef488fa01ca44797cb55b7/_items/0/_options/3/text/","Um pouco"
"components/6251032173ef488fa01ca44797cb55b7/_items/0/_options/4/text/","Nem um pouco"
"components/6251032173ef488fa01ca44797cb55b7/_items/0/_options/5/text/","Não sei/não aplicável"
"components/6251032173ef488fa01ca44797cb55b7/_items/1/text/","Aumentar seu valor no mercado de trabalho"
"components/6251032173ef488fa01ca44797cb55b7/_items/1/_options/0/text/","Incrivelmente muito"
"components/6251032173ef488fa01ca44797cb55b7/_items/1/_options/1/text/","Muito"
"components/6251032173ef488fa01ca44797cb55b7/_items/1/_options/2/text/","Mais ou menos"
"components/6251032173ef488fa01ca44797cb55b7/_items/1/_options/3/text/","Um pouco"
"components/6251032173ef488fa01ca44797cb55b7/_items/1/_options/4/text/","Nem um pouco"
"components/6251032173ef488fa01ca44797cb55b7/_items/1/_options/5/text/","Não sei/não aplicável"
"components/6251032173ef488fa01ca44797cb55b7/_items/2/text/","Ganhar um novo emprego ou avançar em seu emprego atual"
"components/6251032173ef488fa01ca44797cb55b7/_items/2/_options/0/text/","Incrivelmente muito"
"components/6251032173ef488fa01ca44797cb55b7/_items/2/_options/1/text/","Muito"
"components/6251032173ef488fa01ca44797cb55b7/_items/2/_options/2/text/","Mais ou menos"
"components/6251032173ef488fa01ca44797cb55b7/_items/2/_options/3/text/","Um pouco"
"components/6251032173ef488fa01ca44797cb55b7/_items/2/_options/4/text/","Nem um pouco"
"components/6251032173ef488fa01ca44797cb55b7/_items/2/_options/5/text/","Não sei/não aplicável"
"components/6251032173ef488fa01ca44797cb55b7/_items/3/text/","Melhorar sua educação"
"components/6251032173ef488fa01ca44797cb55b7/_items/3/_options/0/text/","Incrivelmente muito"
"components/6251032173ef488fa01ca44797cb55b7/_items/3/_options/1/text/","Muito"
"components/6251032173ef488fa01ca44797cb55b7/_items/3/_options/2/text/","Mais ou menos"
"components/6251032173ef488fa01ca44797cb55b7/_items/3/_options/3/text/","Um pouco"
"components/6251032173ef488fa01ca44797cb55b7/_items/3/_options/4/text/","Nem um pouco"
"components/6251032173ef488fa01ca44797cb55b7/_items/3/_options/5/text/","Não sei/não aplicável"
"components/6251032173ef488fa01ca44797cb55b7/_feedback/correct/","Resposta correta!"
"components/6251032173ef488fa01ca44797cb55b7/_feedback/_incorrect/final/","Resposta incorreta!"
"components/6251032173ef488fa01ca44797cb55b7/_feedback/_partlyCorrect/final/","Resposta parcialmente correta!"
"components/6251032173ef488fa01ca44797cb55b7/_buttons/_submit/buttonText/","Enviar"
"components/6251032173ef488fa01ca44797cb55b7/_buttons/_submit/ariaLabel/","Toque aqui para enviar sua resposta."
"components/6251032173ef488fa01ca44797cb55b7/_buttons/_reset/buttonText/","Reiniciar"
"components/6251032173ef488fa01ca44797cb55b7/_buttons/_showCorrectAnswer/buttonText/","Resposta correta"
"components/6251032173ef488fa01ca44797cb55b7/_buttons/_hideCorrectAnswer/buttonText/","Minha resposta"
"components/6251032173ef488fa01ca44797cb55b7/_buttons/_showFeedback/buttonText/","Ver resposta"
"components/6251032173ef488fa01ca44797cb55b7/_buttons/remainingAttemptsText/","tentativas restantes"
"components/6251032173ef488fa01ca44797cb55b7/_buttons/remainingAttemptText/","tentativa final"
"components/6740c7ee7a394cfe81d4ff05984f7669/title/","Avaliação final"
"components/6740c7ee7a394cfe81d4ff05984f7669/body/","<h1><span><span style=""color:#ffffff""><span>Avaliação final</span></span></span></h1>"
"components/68944ec3ec8440a5a82d094c05e89b92/title/","Questão 2"
"components/68944ec3ec8440a5a82d094c05e89b92/displayTitle/","Questão 2"
"components/68944ec3ec8440a5a82d094c05e89b92/body/","<p>Por favor, selecione a opção abaixo que melhor descreve sua meta ou motivação atual para fazer esse curso:</p>"
"components/68944ec3ec8440a5a82d094c05e89b92/_items/0/text/","Explorar uma carreira na tecnologia"
"components/68944ec3ec8440a5a82d094c05e89b92/_items/1/text/","Entrar ou avançar em uma carreira de tecnologia"
"components/68944ec3ec8440a5a82d094c05e89b92/_items/2/text/","Ter conhecimento e habilidades que podem ser aplicadas em minha carreira atual ou futura de não tecnologia"
"components/68944ec3ec8440a5a82d094c05e89b92/_items/3/text/","Melhorar minha educação"
"components/68944ec3ec8440a5a82d094c05e89b92/_items/4/text/","Uso pessoal (como um hobby para uso doméstico) "
"components/68944ec3ec8440a5a82d094c05e89b92/_items/5/text/","Outro"
"components/6b839cd1fef8445297f188e56d76cca7/title/","Questão 5"
"components/6b839cd1fef8445297f188e56d76cca7/displayTitle/","Questão 5"
"components/6b839cd1fef8445297f188e56d76cca7/body/","<p>Por favor, avalie seu nível de confiança com o conhecimento e as habilidades que você aprendeu nesse curso:</p>"
"components/6b839cd1fef8445297f188e56d76cca7/_items/0/text/","Nem um pouco confiante"
"components/6b839cd1fef8445297f188e56d76cca7/_items/1/text/","Um pouco confiante"
"components/6b839cd1fef8445297f188e56d76cca7/_items/2/text/","Confiante"
"components/6b839cd1fef8445297f188e56d76cca7/_items/3/text/","Muito confiante"
"components/6b839cd1fef8445297f188e56d76cca7/_items/4/text/","Incrivelmente confiante"
"components/6d97893ee90d42868fd5a08f420e66e6/title/","Texto"
"components/6d97893ee90d42868fd5a08f420e66e6/body/","<p>Deslize para iniciar<i class=""fa fa-arrow-circle-down""> </i></p>"
"components/755e26b117784fd39ab2704b6368cfd5/title/","Questão 6"
"components/755e26b117784fd39ab2704b6368cfd5/displayTitle/","Questão 6"
"components/755e26b117784fd39ab2704b6368cfd5/body/","<p>Ao pensar na seguinte declaração, selecione a resposta que melhor se alinha com seus sentimentos- Completar o curso valeu o tempo e esforço que eu investi:</p>"
"components/755e26b117784fd39ab2704b6368cfd5/_items/0/text/","Concordo muito"
"components/755e26b117784fd39ab2704b6368cfd5/_items/1/text/","Concordo"
"components/755e26b117784fd39ab2704b6368cfd5/_items/2/text/","Concordo mais ou menos"
"components/755e26b117784fd39ab2704b6368cfd5/_items/3/text/","Discordo"
"components/755e26b117784fd39ab2704b6368cfd5/_items/4/text/","Discordo muito"
"components/7d32e997c2854ebb8bb60aaea277c9e9/title/","Texto"
"components/7d32e997c2854ebb8bb60aaea277c9e9/body/","<p>Deslize para iniciar<i class=""fa fa-arrow-circle-down""> </i></p>"
"components/8289e3bfd7974ccb946400c42406aab2/title/","Pesquisa"
"components/8289e3bfd7974ccb946400c42406aab2/body/","<p>Agradecemos por dedicar seu tempo para compartilhar sua opinião sobre sua experiência com o curso&nbsp;<strong>Conscientização Digital</strong>. A pesquisa é breve e deve levar apenas 3 a 4 minutos aproximadamente para completar.&nbsp;Suas respostas são confidenciais e terão um grande impacto em como melhoramos o conteúdo, as avaliações e a apresentação do curso para os próximos alunos.</p><p>Por favor, responda a todas as questões e depois toque em 'Enviar.'</p>"
"components/851dff0617a24da185c6b76a86409057/title/","Pesquisa"
"components/851dff0617a24da185c6b76a86409057/body/","<p>Agradecemos por dedicar seu tempo para compartilhar sua opinião sobre sua experiência com o curso&nbsp;<strong>Conscientização Digital</strong>. A pesquisa é breve e deve levar apenas 3 a 4 minutos aproximadamente para completar.&nbsp;Suas respostas são confidenciais e terão um grande impacto em como melhoramos o conteúdo, as avaliações e a apresentação do curso para os próximos alunos.</p><p>Por favor, responda a todas as questões e depois toque em 'Enviar.'</p>"
"components/899af14fccab4953b076f6c36e385d33/title/","Questão 3"
"components/899af14fccab4953b076f6c36e385d33/displayTitle/","Questão 3"
"components/899af14fccab4953b076f6c36e385d33/body/","<p>Por favor, avalie sua experiência geral com esse curso:</p>"
"components/899af14fccab4953b076f6c36e385d33/_items/0/text/","Muito insatisfeito"
"components/899af14fccab4953b076f6c36e385d33/_items/1/text/","Insatisfeito"
"components/899af14fccab4953b076f6c36e385d33/_items/2/text/","Neutro"
"components/899af14fccab4953b076f6c36e385d33/_items/3/text/","Satisfeito"
"components/899af14fccab4953b076f6c36e385d33/_items/4/text/","Muito satisfeito"
"components/97a541516c8b4cd683a9a1d852cd5381/title/","Texto"
"components/97a541516c8b4cd683a9a1d852cd5381/body/","<h1><span><span style=""color:#ffffff""><span>Pesquisa de fim de curso</span></span></span></h1>"
"components/aecdb2b5fdcc4d9eabdf83f30bd325bb/title/","Questão 4"
"components/aecdb2b5fdcc4d9eabdf83f30bd325bb/displayTitle/","Questão 4"
"components/aecdb2b5fdcc4d9eabdf83f30bd325bb/body/","<p>Por favor, avalie seu nível de confiança com o conhecimento e as habilidades que você aprendeu nesse curso:</p>"
"components/aecdb2b5fdcc4d9eabdf83f30bd325bb/_items/0/text/","Nem um pouco confiante"
"components/aecdb2b5fdcc4d9eabdf83f30bd325bb/_items/1/text/","Um pouco confiante"
"components/aecdb2b5fdcc4d9eabdf83f30bd325bb/_items/2/text/","Confiante"
"components/aecdb2b5fdcc4d9eabdf83f30bd325bb/_items/3/text/","Muito confiante"
"components/aecdb2b5fdcc4d9eabdf83f30bd325bb/_items/4/text/","Incrivelmente confiante"
"components/b52ff4f1724d435c86eba8bc0d4a55cc/title/","Avaliação do questionário"
"components/b52ff4f1724d435c86eba8bc0d4a55cc/_retry/button/","Reiniciar questionário"
"components/b52ff4f1724d435c86eba8bc0d4a55cc/_completionBody/","<p style=""text-align:center"">Você conseguiu {{{scoreAsPercent}}}%.</p><p style=""text-align:center"">{{{feedback}}}</p>"
"components/b52ff4f1724d435c86eba8bc0d4a55cc/_bands/0/feedback/","<p style=""text-align:center"">Você reprovou o questionário dessa vez.</p><p style=""text-align:center"">Toque em 'Reiniciar' para fazer de novo. <span class='mobile-instruction-text'>Toque no ícone de sair no canto superior direito ou simplesmente feche essa aba ou janela.</span> Lembre-se que você pode voltar ao módulo para obter referências ou reiniciar o questionário a qualquer momento.</p>"
"components/b52ff4f1724d435c86eba8bc0d4a55cc/_bands/1/feedback/","<p style=""text-align: center;"">Parabéns, você foi aprovado no questionário.</p>"
"components/c01118065c33403baa19c19af81ae481/title/","Questão 3"
"components/c01118065c33403baa19c19af81ae481/displayTitle/","Questão 3"
"components/c01118065c33403baa19c19af81ae481/body/","<p>Por favor, avalie sua experiência geral com esse curso:</p>"
"components/c01118065c33403baa19c19af81ae481/_items/0/text/","Muito insatisfeito"
"components/c01118065c33403baa19c19af81ae481/_items/1/text/","Insatisfeito"
"components/c01118065c33403baa19c19af81ae481/_items/2/text/","Neutro"
"components/c01118065c33403baa19c19af81ae481/_items/3/text/","Satisfeito"
"components/c01118065c33403baa19c19af81ae481/_items/4/text/","Muito satisfeito"
"components/c136833f169142549211ecf176869291/title/","Questão 8"
"components/c136833f169142549211ecf176869291/displayTitle/","Questão 8"
"components/c136833f169142549211ecf176869291/body/","Ao pensar em sua experiência geral com a Habilidades para Todos, o quão disposto você estaria a recomendar o curso para outras pessoas?"
"components/c136833f169142549211ecf176869291/prefixText/","Nem um pouco disposto"
"components/c136833f169142549211ecf176869291/suffixText/","Incrivelmente disposto"
"components/c136833f169142549211ecf176869291/_items/0/text/","0"
"components/c136833f169142549211ecf176869291/_items/1/text/","1"
"components/c136833f169142549211ecf176869291/_items/2/text/","2"
"components/c136833f169142549211ecf176869291/_items/3/text/","3"
"components/c136833f169142549211ecf176869291/_items/4/text/","4"
"components/c136833f169142549211ecf176869291/_items/5/text/","5"
"components/c136833f169142549211ecf176869291/_items/6/text/","6"
"components/c136833f169142549211ecf176869291/_items/7/text/","7"
"components/c136833f169142549211ecf176869291/_items/8/text/","8"
"components/c136833f169142549211ecf176869291/_items/9/text/","9"
"components/c136833f169142549211ecf176869291/_items/10/text/","10"
"components/c136833f169142549211ecf176869291/_feedback/correct/","<p>Gostaríamos de entender o motivo principal pela sua avaliação. Por favor, compartilhe seus pensamentos no campo abaixo, depois toque em 'Enviar' para receber&nbsp;<strong>seu distintivo de Certificado de Finalização da Cisco.</strong></p>"
"components/c136833f169142549211ecf176869291/_feedback/_incorrect/final/","<p>Gostaríamos de entender o motivo principal pela sua avaliação. Por favor, compartilhe seus pensamentos no campo abaixo, depois toque em 'Enviar' para receber&nbsp;<strong>seu distintivo de Certificado de Finalização da Cisco.</strong></p>"
"components/c136833f169142549211ecf176869291/_feedback/_partlyCorrect/final/","<p>Gostaríamos de entender o motivo principal pela sua avaliação. Por favor, compartilhe seus pensamentos no campo abaixo, depois toque em 'Enviar' para receber&nbsp;<strong>seu distintivo de Certificado de Finalização da Cisco.</strong></p>"
"components/c136833f169142549211ecf176869291/_comment/","Você só precisa incluir _buttons se quiser substituir o texto dos botões que estão definidos em course.json"
"components/c136833f169142549211ecf176869291/_buttons/_submit/buttonText/","Enviar"
"components/c136833f169142549211ecf176869291/_buttons/_submit/ariaLabel/","Toque aqui para enviar sua resposta."
"components/c136833f169142549211ecf176869291/_buttons/_reset/buttonText/","Reiniciar"
"components/c136833f169142549211ecf176869291/_buttons/_showCorrectAnswer/buttonText/","Resposta correta"
"components/c136833f169142549211ecf176869291/_buttons/_hideCorrectAnswer/buttonText/","Minha resposta"
"components/c136833f169142549211ecf176869291/_buttons/_showFeedback/buttonText/","Ver resposta"
"components/c136833f169142549211ecf176869291/_buttons/remainingAttemptsText/","tentativas restantes"
"components/c136833f169142549211ecf176869291/_buttons/remainingAttemptText/","tentativa final"
"components/c1c400f7b4f64cf18a84a267513cc961/title/","Questão 9"
"components/c1c400f7b4f64cf18a84a267513cc961/displayTitle/","Questão 9"
"components/c1c400f7b4f64cf18a84a267513cc961/body/","Ao pensar em sua experiência geral com a Habilidades para Todos, o quão disposto você estaria a recomendar o curso para outras pessoas?"
"components/c1c400f7b4f64cf18a84a267513cc961/prefixText/","Nem um pouco disposto"
"components/c1c400f7b4f64cf18a84a267513cc961/suffixText/","Incrivelmente disposto"
"components/c1c400f7b4f64cf18a84a267513cc961/_items/0/text/","0"
"components/c1c400f7b4f64cf18a84a267513cc961/_items/1/text/","1"
"components/c1c400f7b4f64cf18a84a267513cc961/_items/2/text/","2"
"components/c1c400f7b4f64cf18a84a267513cc961/_items/3/text/","3"
"components/c1c400f7b4f64cf18a84a267513cc961/_items/4/text/","4"
"components/c1c400f7b4f64cf18a84a267513cc961/_items/5/text/","5"
"components/c1c400f7b4f64cf18a84a267513cc961/_items/6/text/","6"
"components/c1c400f7b4f64cf18a84a267513cc961/_items/7/text/","7"
"components/c1c400f7b4f64cf18a84a267513cc961/_items/8/text/","8"
"components/c1c400f7b4f64cf18a84a267513cc961/_items/9/text/","9"
"components/c1c400f7b4f64cf18a84a267513cc961/_items/10/text/","10"
"components/c1c400f7b4f64cf18a84a267513cc961/_feedback/correct/","<p>Gostaríamos de entender o motivo principal pela sua avaliação. Por favor, compartilhe seus pensamentos no campo abaixo, depois toque em 'Enviar' para receber&nbsp;<strong>seu distintivo de Certificado de Finalização da Cisco.</strong></p>"
"components/c1c400f7b4f64cf18a84a267513cc961/_feedback/_incorrect/final/","<p>Gostaríamos de entender o motivo principal pela sua avaliação. Por favor, compartilhe seus pensamentos no campo abaixo, depois toque em 'Enviar' para receber&nbsp;<strong>seu distintivo de Certificado de Finalização da Cisco.</strong></p>"
"components/c1c400f7b4f64cf18a84a267513cc961/_feedback/_partlyCorrect/final/","<p>Gostaríamos de entender o motivo principal pela sua avaliação. Por favor, compartilhe seus pensamentos no campo abaixo, depois toque em 'Enviar' para receber&nbsp;<strong>seu distintivo de Certificado de Finalização da Cisco.</strong></p>"
"components/c1c400f7b4f64cf18a84a267513cc961/_comment/","Você só precisa incluir _buttons se quiser substituir o texto dos botões que estão definidos em course.json"
"components/c1c400f7b4f64cf18a84a267513cc961/_buttons/_submit/buttonText/","Enviar"
"components/c1c400f7b4f64cf18a84a267513cc961/_buttons/_submit/ariaLabel/","Toque aqui para enviar sua resposta."
"components/c1c400f7b4f64cf18a84a267513cc961/_buttons/_reset/buttonText/","Reiniciar"
"components/c1c400f7b4f64cf18a84a267513cc961/_buttons/_showCorrectAnswer/buttonText/","Resposta correta"
"components/c1c400f7b4f64cf18a84a267513cc961/_buttons/_hideCorrectAnswer/buttonText/","Minha resposta"
"components/c1c400f7b4f64cf18a84a267513cc961/_buttons/_showFeedback/buttonText/","Ver resposta"
"components/c1c400f7b4f64cf18a84a267513cc961/_buttons/remainingAttemptsText/","tentativas restantes"
"components/c1c400f7b4f64cf18a84a267513cc961/_buttons/remainingAttemptText/","tentativa final"
"components/c5c7874be6a244aca71a0771c05aec24/title/","Questão 1"
"components/c5c7874be6a244aca71a0771c05aec24/displayTitle/","Questão 1"
"components/c5c7874be6a244aca71a0771c05aec24/body/","<p>Quais das seguintes descrições melhor caracteriza você?</p>"
"components/c5c7874be6a244aca71a0771c05aec24/_items/0/text/","Aluno de uma escola técnica"
"components/c5c7874be6a244aca71a0771c05aec24/_items/1/text/","Aluno de uma escola não técnica"
"components/c5c7874be6a244aca71a0771c05aec24/_items/2/text/","Instrutor/professor"
"components/c5c7874be6a244aca71a0771c05aec24/_items/3/text/","Profissional de rede/TI"
"components/c5c7874be6a244aca71a0771c05aec24/_items/4/text/","Profissional de rede/TI iniciante"
"components/c5c7874be6a244aca71a0771c05aec24/_items/5/text/","Profissional que não é de rede/TI"
"components/c5c7874be6a244aca71a0771c05aec24/_items/6/text/","Nenhuma das respostas acima"
"components/cefad571d6d247cab3e953535abf742f/title/","Questão 2"
"components/cefad571d6d247cab3e953535abf742f/displayTitle/","Questão 2"
"components/cefad571d6d247cab3e953535abf742f/body/","<p>Por favor, selecione a opção abaixo que melhor descreve sua meta ou motivação atual para fazer esse curso:</p>"
"components/cefad571d6d247cab3e953535abf742f/_items/0/text/","Explorar uma carreira na tecnologia"
"components/cefad571d6d247cab3e953535abf742f/_items/1/text/","Entrar ou avançar em uma carreira de tecnologia"
"components/cefad571d6d247cab3e953535abf742f/_items/2/text/","Ter conhecimento e habilidades que podem ser aplicadas em minha carreira atual ou futura de não tecnologia"
"components/cefad571d6d247cab3e953535abf742f/_items/3/text/","Melhorar minha educação"
"components/cefad571d6d247cab3e953535abf742f/_items/4/text/","Uso pessoal (como um hobby para uso doméstico) "
"components/cefad571d6d247cab3e953535abf742f/_items/5/text/","Outro"
"components/d5c6a7fd6ad641a19288da2a060bb8f7/title/","Título do novo componente"
"components/d5c6a7fd6ad641a19288da2a060bb8f7/_graphic/alt/","Logomarca do curso com borda"
"components/d676889e3b88446287664b4bc69e4cd6/title/","Questão 6"
"components/d676889e3b88446287664b4bc69e4cd6/displayTitle/","Questão 6"
"components/d676889e3b88446287664b4bc69e4cd6/body/","<p>Por favor, avalie sua motivação para passar nesse curso:</p>"
"components/d676889e3b88446287664b4bc69e4cd6/_items/0/text/","Nem um pouco motivado"
"components/d676889e3b88446287664b4bc69e4cd6/_items/1/text/","Um pouco motivado"
"components/d676889e3b88446287664b4bc69e4cd6/_items/2/text/","Motivado"
"components/d676889e3b88446287664b4bc69e4cd6/_items/3/text/","Muito motivado "
"components/d676889e3b88446287664b4bc69e4cd6/_items/4/text/","Incrivelmente motivado "
