"contentObjects/4db2e108094f4702855252b8b9eb19ff/title/","Pesquisa de fim de curso"
"contentObjects/4db2e108094f4702855252b8b9eb19ff/displayTitle/","Pesquisa de fim de curso"
"contentObjects/4db2e108094f4702855252b8b9eb19ff/body/","<p>Compartilhe sua opinião conosco</p>"
"contentObjects/4db2e108094f4702855252b8b9eb19ff/linkText/","Ver"
"contentObjects/53b7c14170a04eec998193624f60a566/title/","Pesquisa de fim de curso"
"contentObjects/53b7c14170a04eec998193624f60a566/displayTitle/","Pesquisa de fim de curso"
"contentObjects/53b7c14170a04eec998193624f60a566/body/","<p>Compartilhe sua opinião conosco</p>"
"contentObjects/53b7c14170a04eec998193624f60a566/linkText/","Ver"
"contentObjects/b15640c6816c4605b42c0d29cc4133fb/title/","Avaliação final."
"contentObjects/b15640c6816c4605b42c0d29cc4133fb/displayTitle/","Avaliação final."
"contentObjects/b15640c6816c4605b42c0d29cc4133fb/linkText/","Ver"
