"contentObjects/662fc73bfe12fd0286b67ac0/title/","{{_moduleNumber}}.0. Sua vida digital."
"contentObjects/662fc73bfe12fd0286b67ac0/displayTitle/","{{_moduleNumber}}.0. Sua vida digital."
"contentObjects/662fc73bfe12fd0286b67ac0/linkText/","Ver"
"contentObjects/662fc78bfe12fd0286b67ac3/title/","{{_moduleNumber}}.1. Cuidando de sua vida digital."
"contentObjects/662fc78bfe12fd0286b67ac3/displayTitle/","{{_moduleNumber}}.1. Cuidando de sua vida digital."
"contentObjects/662fc78bfe12fd0286b67ac3/linkText/","Ver"
"contentObjects/662fce361d18920250d45ab0/title/","{{_moduleNumber}}.2. Quando as coisas dão errado."
"contentObjects/662fce361d18920250d45ab0/displayTitle/","{{_moduleNumber}}.2. Quando as coisas dão errado."
"contentObjects/662fce361d18920250d45ab0/linkText/","Ver"
"contentObjects/6638a6d382e83e08f0c5a5da/title/","{{_moduleNumber}}.3. Não seja uma vítima."
"contentObjects/6638a6d382e83e08f0c5a5da/displayTitle/","{{_moduleNumber}}.3. Não seja uma vítima."
"contentObjects/6638a6d382e83e08f0c5a5da/linkText/","Ver"
