"blocks/6656f747e2f1800f7c9cc750/title/","New Block Title"
"blocks/6656f754886e2d110c1ab1d2/title/","New Block Title"
"blocks/6656f75d361e1f10735620dd/title/","New Block Title"
"blocks/6656f766886e2d110c1ab1d4/title/","New Block Title"
"blocks/6656f773e2f1800f7c9cc752/title/","New Block Title"
"blocks/6656f77de2f1800f7c9cc754/title/","New Block Title"
"blocks/6656fac3886e2d110c1ab1d6/title/","New Block Title"
"blocks/6656facd99b282111878cf66/title/","New Block Title"
"blocks/6656fad999b282111878cf68/title/","New Block Title"
"blocks/6656fae199b282111878cf6a/title/","New Block Title"
"blocks/6656faeb361e1f10735620df/title/","New Block Title"
"blocks/6656faf4e2c040106f5a13ac/title/","New Block Title"
"blocks/6656fafe99b282111878cf6c/title/","New Block Title"
"blocks/6656fdfde2c040106f5a13ad/title/","New Block Title"
"blocks/6656fe0ce2c040106f5a13af/title/","New Block Title"
"blocks/6656fe1799b282111878cf6e/title/","New Block Title"
"blocks/6656fe20361e1f10735620e1/title/","New Block Title"
"blocks/6656fe29361e1f10735620e3/title/","New Block Title"
"blocks/6656fe34361e1f10735620e5/title/","New Block Title"
"blocks/6656fe3e361e1f10735620e7/title/","New Block Title"
"blocks/2320379b0dd64b5c8967a4350160c41d/title/","New Block Title"
"blocks/3c15d61fa01945779fb44159dcbc1abf/title/","New Block Title"
"blocks/5b269e01c0e340ac82fa2482a235a3fc/title/","New Block Title"
"blocks/6e33a1c4d4c0416597451b326bbbeaf5/title/","Block title"
"blocks/6e33a1c4d4c0416597451b326bbbeaf5/_trickle/_button/text/","Continue"
"blocks/6e33a1c4d4c0416597451b326bbbeaf5/_trickle/_button/startText/","Begin"
"blocks/6e33a1c4d4c0416597451b326bbbeaf5/_trickle/_button/finalText/","Finish"
"blocks/fb2ba3a3dc1943ef96a057388c965bec/title/","New Block Title"
