"contentObjects/4db2e108094f4702855252b8b9eb19ff/title/","End of Course Survey"
"contentObjects/4db2e108094f4702855252b8b9eb19ff/displayTitle/","End of Course Survey"
"contentObjects/4db2e108094f4702855252b8b9eb19ff/body/","<p>Share your feedback with us</p>"
"contentObjects/4db2e108094f4702855252b8b9eb19ff/linkText/","View"
"contentObjects/53b7c14170a04eec998193624f60a566/title/","End of Course Survey"
"contentObjects/53b7c14170a04eec998193624f60a566/displayTitle/","End of Course Survey"
"contentObjects/53b7c14170a04eec998193624f60a566/body/","<p>Share your feedback with us</p>"
"contentObjects/53b7c14170a04eec998193624f60a566/linkText/","View"
"contentObjects/b15640c6816c4605b42c0d29cc4133fb/title/","Final Assessment."
"contentObjects/b15640c6816c4605b42c0d29cc4133fb/displayTitle/","Final Assessment."
"contentObjects/b15640c6816c4605b42c0d29cc4133fb/linkText/","View"
